Rf	Ru	eps	epsp	RERHO	IMRHO	alpha_f	alpha_u	delta_f	delta_u	status
0.08	0.08	0.01	0.01	0.99	14.134725	2.2744e-10	2.2744e-10	1.4501e-14	1.4501e-14	VISIBLE
0.08	0.08	0.01	0.1	0.99	14.134725	2.2744e-10	2.2744e-10	1.4501e-14	1.3315e-13	VISIBLE
0.08	0.08	0.1	0.01	0.99	14.134725	2.2744e-10	2.2744e-10	1.3315e-13	1.4501e-14	VISIBLE
0.08	0.08	0.1	0.1	0.99	14.134725	2.2744e-10	2.2744e-10	1.3315e-13	1.3315e-13	VISIBLE
0.08	0.12	0.01	0.01	0.99	14.134725	2.2744e-10	4.0030e-09	1.4501e-14	1.3197e-13	VISIBLE
0.08	0.12	0.01	0.1	0.99	14.134725	2.2744e-10	4.0030e-09	1.4501e-14	1.2117e-12	VISIBLE
0.08	0.12	0.1	0.01	0.99	14.134725	2.2744e-10	4.0030e-09	1.3315e-13	1.3197e-13	VISIBLE
0.08	0.12	0.1	0.1	0.99	14.134725	2.2744e-10	4.0030e-09	1.3315e-13	1.2117e-12	VISIBLE
0.08	0.1732	0.01	0.01	0.99	14.134725	2.2744e-10	5.5225e-08	1.4501e-14	6.1441e-13	VISIBLE
0.08	0.1732	0.01	0.1	0.99	14.134725	2.2744e-10	5.5225e-08	1.4501e-14	5.6414e-12	VISIBLE
0.08	0.1732	0.1	0.01	0.99	14.134725	2.2744e-10	5.5225e-08	1.3315e-13	6.1441e-13	VISIBLE
0.08	0.1732	0.1	0.1	0.99	14.134725	2.2744e-10	5.5225e-08	1.3315e-13	5.6414e-12	VISIBLE
0.12	0.08	0.01	0.01	0.99	14.134725	4.0030e-09	2.2744e-10	1.3197e-13	1.4501e-14	VISIBLE
0.12	0.08	0.01	0.1	0.99	14.134725	4.0030e-09	2.2744e-10	1.3197e-13	1.3315e-13	VISIBLE
0.12	0.08	0.1	0.01	0.99	14.134725	4.0030e-09	2.2744e-10	1.2117e-12	1.4501e-14	VISIBLE
0.12	0.08	0.1	0.1	0.99	14.134725	4.0030e-09	2.2744e-10	1.2117e-12	1.3315e-13	VISIBLE
0.12	0.12	0.01	0.01	0.99	14.134725	4.0030e-09	4.0030e-09	1.3197e-13	1.3197e-13	VISIBLE
0.12	0.12	0.01	0.1	0.99	14.134725	4.0030e-09	4.0030e-09	1.3197e-13	1.2117e-12	VISIBLE
0.12	0.12	0.1	0.01	0.99	14.134725	4.0030e-09	4.0030e-09	1.2117e-12	1.3197e-13	VISIBLE
0.12	0.12	0.1	0.1	0.99	14.134725	4.0030e-09	4.0030e-09	1.2117e-12	1.2117e-12	VISIBLE
0.12	0.1732	0.01	0.01	0.99	14.134725	4.0030e-09	5.5225e-08	1.3197e-13	6.1441e-13	VISIBLE
0.12	0.1732	0.01	0.1	0.99	14.134725	4.0030e-09	5.5225e-08	1.3197e-13	5.6414e-12	VISIBLE
0.12	0.1732	0.1	0.01	0.99	14.134725	4.0030e-09	5.5225e-08	1.2117e-12	6.1441e-13	VISIBLE
0.12	0.1732	0.1	0.1	0.99	14.134725	4.0030e-09	5.5225e-08	1.2117e-12	5.6414e-12	VISIBLE
0.1732	0.08	0.01	0.01	0.99	14.134725	5.5225e-08	2.2744e-10	6.1441e-13	1.4501e-14	TESTED
0.1732	0.08	0.01	0.1	0.99	14.134725	5.5225e-08	2.2744e-10	6.1441e-13	1.3315e-13	TESTED
0.1732	0.08	0.1	0.01	0.99	14.134725	5.5225e-08	2.2744e-10	5.6414e-12	1.4501e-14	TESTED
0.1732	0.08	0.1	0.1	0.99	14.134725	5.5225e-08	2.2744e-10	5.6414e-12	1.3315e-13	TESTED
0.1732	0.12	0.01	0.01	0.99	14.134725	5.5225e-08	4.0030e-09	6.1441e-13	1.3197e-13	TESTED
0.1732	0.12	0.01	0.1	0.99	14.134725	5.5225e-08	4.0030e-09	6.1441e-13	1.2117e-12	VISIBLE
0.1732	0.12	0.1	0.01	0.99	14.134725	5.5225e-08	4.0030e-09	5.6414e-12	1.3197e-13	VISIBLE
0.1732	0.12	0.1	0.1	0.99	14.134725	5.5225e-08	4.0030e-09	5.6414e-12	1.2117e-12	VISIBLE
0.1732	0.1732	0.01	0.01	0.99	14.134725	5.5225e-08	5.5225e-08	6.1441e-13	6.1441e-13	VISIBLE
0.1732	0.1732	0.01	0.1	0.99	14.134725	5.5225e-08	5.5225e-08	6.1441e-13	5.6414e-12	VISIBLE
0.1732	0.1732	0.1	0.01	0.99	14.134725	5.5225e-08	5.5225e-08	5.6414e-12	6.1441e-13	VISIBLE
0.1732	0.1732	0.1	0.1	0.99	14.134725	5.5225e-08	5.5225e-08	5.6414e-12	5.6414e-12	VISIBLE
0.05	0.02	0.01	0.01	0.99	14.134725	8.3500e-12	1.3573e-14	7.9231e-16	1.7691e-18	EXCLUDED
0.05	0.02	0.01	0.1	0.99	14.134725	8.3500e-12	1.3573e-14	7.9231e-16	1.6243e-17	EXCLUDED
0.05	0.02	0.1	0.01	0.99	14.134725	8.3500e-12	1.3573e-14	7.2749e-15	1.7691e-18	EXCLUDED
0.05	0.02	0.1	0.1	0.99	14.134725	8.3500e-12	1.3573e-14	7.2749e-15	1.6243e-17	EXCLUDED
0.05	0.05	0.01	0.01	0.99	14.134725	8.3500e-12	8.3500e-12	7.9231e-16	7.9231e-16	EXCLUDED
0.05	0.05	0.01	0.1	0.99	14.134725	8.3500e-12	8.3500e-12	7.9231e-16	7.2749e-15	EXCLUDED
0.05	0.05	0.1	0.01	0.99	14.134725	8.3500e-12	8.3500e-12	7.2749e-15	7.9231e-16	EXCLUDED
0.05	0.05	0.1	0.1	0.99	14.134725	8.3500e-12	8.3500e-12	7.2749e-15	7.2749e-15	EXCLUDED
0.05	0.08	0.01	0.01	0.99	14.134725	8.3500e-12	2.2744e-10	7.9231e-16	1.4501e-14	EXCLUDED
0.05	0.08	0.01	0.1	0.99	14.134725	8.3500e-12	2.2744e-10	7.9231e-16	1.3315e-13	EXCLUDED
0.05	0.08	0.1	0.01	0.99	14.134725	8.3500e-12	2.2744e-10	7.2749e-15	1.4501e-14	EXCLUDED
0.05	0.08	0.1	0.1	0.99	14.134725	8.3500e-12	2.2744e-10	7.2749e-15	1.3315e-13	EXCLUDED
0.08	0.02	0.01	0.01	0.99	14.134725	2.2744e-10	1.3573e-14	1.4501e-14	1.7691e-18	EXCLUDED
0.08	0.02	0.01	0.1	0.99	14.134725	2.2744e-10	1.3573e-14	1.4501e-14	1.6243e-17	EXCLUDED
0.08	0.02	0.1	0.01	0.99	14.134725	2.2744e-10	1.3573e-14	1.3315e-13	1.7691e-18	EXCLUDED
0.08	0.02	0.1	0.1	0.99	14.134725	2.2744e-10	1.3573e-14	1.3315e-13	1.6243e-17	EXCLUDED
0.08	0.05	0.01	0.01	0.99	14.134725	2.2744e-10	8.3500e-12	1.4501e-14	7.9231e-16	EXCLUDED
0.08	0.05	0.01	0.1	0.99	14.134725	2.2744e-10	8.3500e-12	1.4501e-14	7.2749e-15	EXCLUDED
0.08	0.05	0.1	0.01	0.99	14.134725	2.2744e-10	8.3500e-12	1.3315e-13	7.9231e-16	EXCLUDED
0.08	0.05	0.1	0.1	0.99	14.134725	2.2744e-10	8.3500e-12	1.3315e-13	7.2749e-15	EXCLUDED
0.12	0.02	0.01	0.01	0.99	14.134725	4.0030e-09	1.3573e-14	1.3197e-13	1.7691e-18	EXCLUDED
0.12	0.02	0.01	0.1	0.99	14.134725	4.0030e-09	1.3573e-14	1.3197e-13	1.6243e-17	EXCLUDED
0.12	0.02	0.1	0.01	0.99	14.134725	4.0030e-09	1.3573e-14	1.2117e-12	1.7691e-18	EXCLUDED
0.12	0.02	0.1	0.1	0.99	14.134725	4.0030e-09	1.3573e-14	1.2117e-12	1.6243e-17	EXCLUDED
0.12	0.05	0.01	0.01	0.99	14.134725	4.0030e-09	8.3500e-12	1.3197e-13	7.9231e-16	EXCLUDED
0.12	0.05	0.01	0.1	0.99	14.134725	4.0030e-09	8.3500e-12	1.3197e-13	7.2749e-15	EXCLUDED
0.12	0.05	0.1	0.01	0.99	14.134725	4.0030e-09	8.3500e-12	1.2117e-12	7.9231e-16	EXCLUDED
0.12	0.05	0.1	0.1	0.99	14.134725	4.0030e-09	8.3500e-12	1.2117e-12	7.2749e-15	EXCLUDED
0.1732	0.02	0.01	0.01	0.99	14.134725	5.5225e-08	1.3573e-14	6.1441e-13	1.7691e-18	EXCLUDED
0.1732	0.02	0.01	0.1	0.99	14.134725	5.5225e-08	1.3573e-14	6.1441e-13	1.6243e-17	EXCLUDED
0.1732	0.02	0.1	0.01	0.99	14.134725	5.5225e-08	1.3573e-14	5.6414e-12	1.7691e-18	EXCLUDED
0.1732	0.02	0.1	0.1	0.99	14.134725	5.5225e-08	1.3573e-14	5.6414e-12	1.6243e-17	EXCLUDED
0.1732	0.05	0.01	0.01	0.99	14.134725	5.5225e-08	8.3500e-12	6.1441e-13	7.9231e-16	EXCLUDED
0.1732	0.05	0.01	0.1	0.99	14.134725	5.5225e-08	8.3500e-12	6.1441e-13	7.2749e-15	EXCLUDED
0.1732	0.05	0.1	0.01	0.99	14.134725	5.5225e-08	8.3500e-12	5.6414e-12	7.9231e-16	EXCLUDED
0.1732	0.05	0.1	0.1	0.99	14.134725	5.5225e-08	8.3500e-12	5.6414e-12	7.2749e-15	EXCLUDED
0.08	0.08	0.01	0.01	0.9	14.134725	2.2736e-10	2.2736e-10	1.4503e-14	1.4503e-14	VISIBLE
0.08	0.08	0.01	0.1	0.9	14.134725	2.2736e-10	2.2736e-10	1.4503e-14	1.3317e-13	VISIBLE
0.08	0.08	0.1	0.01	0.9	14.134725	2.2736e-10	2.2736e-10	1.3317e-13	1.4503e-14	VISIBLE
0.08	0.08	0.1	0.1	0.9	14.134725	2.2736e-10	2.2736e-10	1.3317e-13	1.3317e-13	VISIBLE
0.08	0.12	0.01	0.01	0.9	14.134725	2.2736e-10	4.0019e-09	1.4503e-14	1.3205e-13	VISIBLE
0.08	0.12	0.01	0.1	0.9	14.134725	2.2736e-10	4.0019e-09	1.4503e-14	1.2125e-12	VISIBLE
0.08	0.12	0.1	0.01	0.9	14.134725	2.2736e-10	4.0019e-09	1.3317e-13	1.3205e-13	VISIBLE
0.08	0.12	0.1	0.1	0.9	14.134725	2.2736e-10	4.0019e-09	1.3317e-13	1.2125e-12	VISIBLE
0.08	0.1732	0.01	0.01	0.9	14.134725	2.2736e-10	5.5222e-08	1.4503e-14	6.1538e-13	VISIBLE
0.08	0.1732	0.01	0.1	0.9	14.134725	2.2736e-10	5.5222e-08	1.4503e-14	5.6503e-12	VISIBLE
0.08	0.1732	0.1	0.01	0.9	14.134725	2.2736e-10	5.5222e-08	1.3317e-13	6.1538e-13	VISIBLE
0.08	0.1732	0.1	0.1	0.9	14.134725	2.2736e-10	5.5222e-08	1.3317e-13	5.6503e-12	VISIBLE
0.12	0.08	0.01	0.01	0.9	14.134725	4.0019e-09	2.2736e-10	1.3205e-13	1.4503e-14	VISIBLE
0.12	0.08	0.01	0.1	0.9	14.134725	4.0019e-09	2.2736e-10	1.3205e-13	1.3317e-13	VISIBLE
0.12	0.08	0.1	0.01	0.9	14.134725	4.0019e-09	2.2736e-10	1.2125e-12	1.4503e-14	VISIBLE
0.12	0.08	0.1	0.1	0.9	14.134725	4.0019e-09	2.2736e-10	1.2125e-12	1.3317e-13	VISIBLE
0.12	0.12	0.01	0.01	0.9	14.134725	4.0019e-09	4.0019e-09	1.3205e-13	1.3205e-13	VISIBLE
0.12	0.12	0.01	0.1	0.9	14.134725	4.0019e-09	4.0019e-09	1.3205e-13	1.2125e-12	VISIBLE
0.12	0.12	0.1	0.01	0.9	14.134725	4.0019e-09	4.0019e-09	1.2125e-12	1.3205e-13	VISIBLE
0.12	0.12	0.1	0.1	0.9	14.134725	4.0019e-09	4.0019e-09	1.2125e-12	1.2125e-12	VISIBLE
0.12	0.1732	0.01	0.01	0.9	14.134725	4.0019e-09	5.5222e-08	1.3205e-13	6.1538e-13	VISIBLE
0.12	0.1732	0.01	0.1	0.9	14.134725	4.0019e-09	5.5222e-08	1.3205e-13	5.6503e-12	VISIBLE
0.12	0.1732	0.1	0.01	0.9	14.134725	4.0019e-09	5.5222e-08	1.2125e-12	6.1538e-13	VISIBLE
0.12	0.1732	0.1	0.1	0.9	14.134725	4.0019e-09	5.5222e-08	1.2125e-12	5.6503e-12	VISIBLE
0.1732	0.08	0.01	0.01	0.9	14.134725	5.5222e-08	2.2736e-10	6.1538e-13	1.4503e-14	TESTED
0.1732	0.08	0.01	0.1	0.9	14.134725	5.5222e-08	2.2736e-10	6.1538e-13	1.3317e-13	TESTED
0.1732	0.08	0.1	0.01	0.9	14.134725	5.5222e-08	2.2736e-10	5.6503e-12	1.4503e-14	TESTED
0.1732	0.08	0.1	0.1	0.9	14.134725	5.5222e-08	2.2736e-10	5.6503e-12	1.3317e-13	TESTED
0.1732	0.12	0.01	0.01	0.9	14.134725	5.5222e-08	4.0019e-09	6.1538e-13	1.3205e-13	VISIBLE
0.1732	0.12	0.01	0.1	0.9	14.134725	5.5222e-08	4.0019e-09	6.1538e-13	1.2125e-12	VISIBLE
0.1732	0.12	0.1	0.01	0.9	14.134725	5.5222e-08	4.0019e-09	5.6503e-12	1.3205e-13	VISIBLE
0.1732	0.12	0.1	0.1	0.9	14.134725	5.5222e-08	4.0019e-09	5.6503e-12	1.2125e-12	VISIBLE
0.1732	0.1732	0.01	0.01	0.9	14.134725	5.5222e-08	5.5222e-08	6.1538e-13	6.1538e-13	VISIBLE
0.1732	0.1732	0.01	0.1	0.9	14.134725	5.5222e-08	5.5222e-08	6.1538e-13	5.6503e-12	VISIBLE
0.1732	0.1732	0.1	0.01	0.9	14.134725	5.5222e-08	5.5222e-08	5.6503e-12	6.1538e-13	VISIBLE
0.1732	0.1732	0.1	0.1	0.9	14.134725	5.5222e-08	5.5222e-08	5.6503e-12	5.6503e-12	VISIBLE
0.05	0.02	0.01	0.01	0.9	14.134725	8.3468e-12	1.3568e-14	7.9220e-16	1.7685e-18	EXCLUDED
0.05	0.02	0.01	0.1	0.9	14.134725	8.3468e-12	1.3568e-14	7.9220e-16	1.6238e-17	EXCLUDED
0.05	0.02	0.1	0.01	0.9	14.134725	8.3468e-12	1.3568e-14	7.2738e-15	1.7685e-18	EXCLUDED
0.05	0.02	0.1	0.1	0.9	14.134725	8.3468e-12	1.3568e-14	7.2738e-15	1.6238e-17	EXCLUDED
0.05	0.05	0.01	0.01	0.9	14.134725	8.3468e-12	8.3468e-12	7.9220e-16	7.9220e-16	EXCLUDED
0.05	0.05	0.01	0.1	0.9	14.134725	8.3468e-12	8.3468e-12	7.9220e-16	7.2738e-15	EXCLUDED
0.05	0.05	0.1	0.01	0.9	14.134725	8.3468e-12	8.3468e-12	7.2738e-15	7.9220e-16	EXCLUDED
0.05	0.05	0.1	0.1	0.9	14.134725	8.3468e-12	8.3468e-12	7.2738e-15	7.2738e-15	EXCLUDED
0.05	0.08	0.01	0.01	0.9	14.134725	8.3468e-12	2.2736e-10	7.9220e-16	1.4503e-14	EXCLUDED
0.05	0.08	0.01	0.1	0.9	14.134725	8.3468e-12	2.2736e-10	7.9220e-16	1.3317e-13	EXCLUDED
0.05	0.08	0.1	0.01	0.9	14.134725	8.3468e-12	2.2736e-10	7.2738e-15	1.4503e-14	EXCLUDED
0.05	0.08	0.1	0.1	0.9	14.134725	8.3468e-12	2.2736e-10	7.2738e-15	1.3317e-13	EXCLUDED
0.08	0.02	0.01	0.01	0.9	14.134725	2.2736e-10	1.3568e-14	1.4503e-14	1.7685e-18	EXCLUDED
0.08	0.02	0.01	0.1	0.9	14.134725	2.2736e-10	1.3568e-14	1.4503e-14	1.6238e-17	EXCLUDED
0.08	0.02	0.1	0.01	0.9	14.134725	2.2736e-10	1.3568e-14	1.3317e-13	1.7685e-18	EXCLUDED
0.08	0.02	0.1	0.1	0.9	14.134725	2.2736e-10	1.3568e-14	1.3317e-13	1.6238e-17	EXCLUDED
0.08	0.05	0.01	0.01	0.9	14.134725	2.2736e-10	8.3468e-12	1.4503e-14	7.9220e-16	EXCLUDED
0.08	0.05	0.01	0.1	0.9	14.134725	2.2736e-10	8.3468e-12	1.4503e-14	7.2738e-15	EXCLUDED
0.08	0.05	0.1	0.01	0.9	14.134725	2.2736e-10	8.3468e-12	1.3317e-13	7.9220e-16	EXCLUDED
0.08	0.05	0.1	0.1	0.9	14.134725	2.2736e-10	8.3468e-12	1.3317e-13	7.2738e-15	EXCLUDED
0.12	0.02	0.01	0.01	0.9	14.134725	4.0019e-09	1.3568e-14	1.3205e-13	1.7685e-18	EXCLUDED
0.12	0.02	0.01	0.1	0.9	14.134725	4.0019e-09	1.3568e-14	1.3205e-13	1.6238e-17	EXCLUDED
0.12	0.02	0.1	0.01	0.9	14.134725	4.0019e-09	1.3568e-14	1.2125e-12	1.7685e-18	EXCLUDED
0.12	0.02	0.1	0.1	0.9	14.134725	4.0019e-09	1.3568e-14	1.2125e-12	1.6238e-17	EXCLUDED
0.12	0.05	0.01	0.01	0.9	14.134725	4.0019e-09	8.3468e-12	1.3205e-13	7.9220e-16	EXCLUDED
0.12	0.05	0.01	0.1	0.9	14.134725	4.0019e-09	8.3468e-12	1.3205e-13	7.2738e-15	EXCLUDED
0.12	0.05	0.1	0.01	0.9	14.134725	4.0019e-09	8.3468e-12	1.2125e-12	7.9220e-16	EXCLUDED
0.12	0.05	0.1	0.1	0.9	14.134725	4.0019e-09	8.3468e-12	1.2125e-12	7.2738e-15	EXCLUDED
0.1732	0.02	0.01	0.01	0.9	14.134725	5.5222e-08	1.3568e-14	6.1538e-13	1.7685e-18	EXCLUDED
0.1732	0.02	0.01	0.1	0.9	14.134725	5.5222e-08	1.3568e-14	6.1538e-13	1.6238e-17	EXCLUDED
0.1732	0.02	0.1	0.01	0.9	14.134725	5.5222e-08	1.3568e-14	5.6503e-12	1.7685e-18	EXCLUDED
0.1732	0.02	0.1	0.1	0.9	14.134725	5.5222e-08	1.3568e-14	5.6503e-12	1.6238e-17	EXCLUDED
0.1732	0.05	0.01	0.01	0.9	14.134725	5.5222e-08	8.3468e-12	6.1538e-13	7.9220e-16	EXCLUDED
0.1732	0.05	0.01	0.1	0.9	14.134725	5.5222e-08	8.3468e-12	6.1538e-13	7.2738e-15	EXCLUDED
0.1732	0.05	0.1	0.01	0.9	14.134725	5.5222e-08	8.3468e-12	5.6503e-12	7.9220e-16	EXCLUDED
0.1732	0.05	0.1	0.1	0.9	14.134725	5.5222e-08	8.3468e-12	5.6503e-12	7.2738e-15	EXCLUDED
0.08	0.08	0.01	0.01	0.75	14.134725	2.2727e-10	2.2727e-10	1.4507e-14	1.4507e-14	VISIBLE
0.08	0.08	0.01	0.1	0.75	14.134725	2.2727e-10	2.2727e-10	1.4507e-14	1.3320e-13	VISIBLE
0.08	0.08	0.1	0.01	0.75	14.134725	2.2727e-10	2.2727e-10	1.3320e-13	1.4507e-14	VISIBLE
0.08	0.08	0.1	0.1	0.75	14.134725	2.2727e-10	2.2727e-10	1.3320e-13	1.3320e-13	VISIBLE
0.08	0.12	0.01	0.01	0.75	14.134725	2.2727e-10	4.0008e-09	1.4507e-14	1.3219e-13	VISIBLE
0.08	0.12	0.01	0.1	0.75	14.134725	2.2727e-10	4.0008e-09	1.4507e-14	1.2137e-12	VISIBLE
0.08	0.12	0.1	0.01	0.75	14.134725	2.2727e-10	4.0008e-09	1.3320e-13	1.3219e-13	VISIBLE
0.08	0.12	0.1	0.1	0.75	14.134725	2.2727e-10	4.0008e-09	1.3320e-13	1.2137e-12	VISIBLE
0.08	0.1732	0.01	0.01	0.75	14.134725	2.2727e-10	5.5224e-08	1.4507e-14	6.1685e-13	VISIBLE
0.08	0.1732	0.01	0.1	0.75	14.134725	2.2727e-10	5.5224e-08	1.4507e-14	5.6638e-12	VISIBLE
0.08	0.1732	0.1	0.01	0.75	14.134725	2.2727e-10	5.5224e-08	1.3320e-13	6.1685e-13	VISIBLE
0.08	0.1732	0.1	0.1	0.75	14.134725	2.2727e-10	5.5224e-08	1.3320e-13	5.6638e-12	VISIBLE
0.12	0.08	0.01	0.01	0.75	14.134725	4.0008e-09	2.2727e-10	1.3219e-13	1.4507e-14	VISIBLE
0.12	0.08	0.01	0.1	0.75	14.134725	4.0008e-09	2.2727e-10	1.3219e-13	1.3320e-13	VISIBLE
0.12	0.08	0.1	0.01	0.75	14.134725	4.0008e-09	2.2727e-10	1.2137e-12	1.4507e-14	VISIBLE
0.12	0.08	0.1	0.1	0.75	14.134725	4.0008e-09	2.2727e-10	1.2137e-12	1.3320e-13	VISIBLE
0.12	0.12	0.01	0.01	0.75	14.134725	4.0008e-09	4.0008e-09	1.3219e-13	1.3219e-13	VISIBLE
0.12	0.12	0.01	0.1	0.75	14.134725	4.0008e-09	4.0008e-09	1.3219e-13	1.2137e-12	VISIBLE
0.12	0.12	0.1	0.01	0.75	14.134725	4.0008e-09	4.0008e-09	1.2137e-12	1.3219e-13	VISIBLE
0.12	0.12	0.1	0.1	0.75	14.134725	4.0008e-09	4.0008e-09	1.2137e-12	1.2137e-12	VISIBLE
0.12	0.1732	0.01	0.01	0.75	14.134725	4.0008e-09	5.5224e-08	1.3219e-13	6.1685e-13	VISIBLE
0.12	0.1732	0.01	0.1	0.75	14.134725	4.0008e-09	5.5224e-08	1.3219e-13	5.6638e-12	VISIBLE
0.12	0.1732	0.1	0.01	0.75	14.134725	4.0008e-09	5.5224e-08	1.2137e-12	6.1685e-13	VISIBLE
0.12	0.1732	0.1	0.1	0.75	14.134725	4.0008e-09	5.5224e-08	1.2137e-12	5.6638e-12	VISIBLE
0.1732	0.08	0.01	0.01	0.75	14.134725	5.5224e-08	2.2727e-10	6.1685e-13	1.4507e-14	TESTED
0.1732	0.08	0.01	0.1	0.75	14.134725	5.5224e-08	2.2727e-10	6.1685e-13	1.3320e-13	TESTED
0.1732	0.08	0.1	0.01	0.75	14.134725	5.5224e-08	2.2727e-10	5.6638e-12	1.4507e-14	TESTED
0.1732	0.08	0.1	0.1	0.75	14.134725	5.5224e-08	2.2727e-10	5.6638e-12	1.3320e-13	TESTED
0.1732	0.12	0.01	0.01	0.75	14.134725	5.5224e-08	4.0008e-09	6.1685e-13	1.3219e-13	VISIBLE
0.1732	0.12	0.01	0.1	0.75	14.134725	5.5224e-08	4.0008e-09	6.1685e-13	1.2137e-12	VISIBLE
0.1732	0.12	0.1	0.01	0.75	14.134725	5.5224e-08	4.0008e-09	5.6638e-12	1.3219e-13	VISIBLE
0.1732	0.12	0.1	0.1	0.75	14.134725	5.5224e-08	4.0008e-09	5.6638e-12	1.2137e-12	VISIBLE
0.1732	0.1732	0.01	0.01	0.75	14.134725	5.5224e-08	5.5224e-08	6.1685e-13	6.1685e-13	VISIBLE
0.1732	0.1732	0.01	0.1	0.75	14.134725	5.5224e-08	5.5224e-08	6.1685e-13	5.6638e-12	VISIBLE
0.1732	0.1732	0.1	0.01	0.75	14.134725	5.5224e-08	5.5224e-08	5.6638e-12	6.1685e-13	VISIBLE
0.1732	0.1732	0.1	0.1	0.75	14.134725	5.5224e-08	5.5224e-08	5.6638e-12	5.6638e-12	VISIBLE
0.05	0.02	0.01	0.01	0.75	14.134725	8.3430e-12	1.3561e-14	7.9211e-16	1.7678e-18	EXCLUDED
0.05	0.02	0.01	0.1	0.75	14.134725	8.3430e-12	1.3561e-14	7.9211e-16	1.6232e-17	EXCLUDED
0.05	0.02	0.1	0.01	0.75	14.134725	8.3430e-12	1.3561e-14	7.2730e-15	1.7678e-18	EXCLUDED
0.05	0.02	0.1	0.1	0.75	14.134725	8.3430e-12	1.3561e-14	7.2730e-15	1.6232e-17	EXCLUDED
0.05	0.05	0.01	0.01	0.75	14.134725	8.3430e-12	8.3430e-12	7.9211e-16	7.9211e-16	EXCLUDED
0.05	0.05	0.01	0.1	0.75	14.134725	8.3430e-12	8.3430e-12	7.9211e-16	7.2730e-15	EXCLUDED
0.05	0.05	0.1	0.01	0.75	14.134725	8.3430e-12	8.3430e-12	7.2730e-15	7.9211e-16	EXCLUDED
0.05	0.05	0.1	0.1	0.75	14.134725	8.3430e-12	8.3430e-12	7.2730e-15	7.2730e-15	EXCLUDED
0.05	0.08	0.01	0.01	0.75	14.134725	8.3430e-12	2.2727e-10	7.9211e-16	1.4507e-14	EXCLUDED
0.05	0.08	0.01	0.1	0.75	14.134725	8.3430e-12	2.2727e-10	7.9211e-16	1.3320e-13	EXCLUDED
0.05	0.08	0.1	0.01	0.75	14.134725	8.3430e-12	2.2727e-10	7.2730e-15	1.4507e-14	EXCLUDED
0.05	0.08	0.1	0.1	0.75	14.134725	8.3430e-12	2.2727e-10	7.2730e-15	1.3320e-13	EXCLUDED
0.08	0.02	0.01	0.01	0.75	14.134725	2.2727e-10	1.3561e-14	1.4507e-14	1.7678e-18	EXCLUDED
0.08	0.02	0.01	0.1	0.75	14.134725	2.2727e-10	1.3561e-14	1.4507e-14	1.6232e-17	EXCLUDED
0.08	0.02	0.1	0.01	0.75	14.134725	2.2727e-10	1.3561e-14	1.3320e-13	1.7678e-18	EXCLUDED
0.08	0.02	0.1	0.1	0.75	14.134725	2.2727e-10	1.3561e-14	1.3320e-13	1.6232e-17	EXCLUDED
0.08	0.05	0.01	0.01	0.75	14.134725	2.2727e-10	8.3430e-12	1.4507e-14	7.9211e-16	EXCLUDED
0.08	0.05	0.01	0.1	0.75	14.134725	2.2727e-10	8.3430e-12	1.4507e-14	7.2730e-15	EXCLUDED
0.08	0.05	0.1	0.01	0.75	14.134725	2.2727e-10	8.3430e-12	1.3320e-13	7.9211e-16	EXCLUDED
0.08	0.05	0.1	0.1	0.75	14.134725	2.2727e-10	8.3430e-12	1.3320e-13	7.2730e-15	EXCLUDED
0.12	0.02	0.01	0.01	0.75	14.134725	4.0008e-09	1.3561e-14	1.3219e-13	1.7678e-18	EXCLUDED
0.12	0.02	0.01	0.1	0.75	14.134725	4.0008e-09	1.3561e-14	1.3219e-13	1.6232e-17	EXCLUDED
0.12	0.02	0.1	0.01	0.75	14.134725	4.0008e-09	1.3561e-14	1.2137e-12	1.7678e-18	EXCLUDED
0.12	0.02	0.1	0.1	0.75	14.134725	4.0008e-09	1.3561e-14	1.2137e-12	1.6232e-17	EXCLUDED
0.12	0.05	0.01	0.01	0.75	14.134725	4.0008e-09	8.3430e-12	1.3219e-13	7.9211e-16	EXCLUDED
0.12	0.05	0.01	0.1	0.75	14.134725	4.0008e-09	8.3430e-12	1.3219e-13	7.2730e-15	EXCLUDED
0.12	0.05	0.1	0.01	0.75	14.134725	4.0008e-09	8.3430e-12	1.2137e-12	7.9211e-16	EXCLUDED
0.12	0.05	0.1	0.1	0.75	14.134725	4.0008e-09	8.3430e-12	1.2137e-12	7.2730e-15	EXCLUDED
0.1732	0.02	0.01	0.01	0.75	14.134725	5.5224e-08	1.3561e-14	6.1685e-13	1.7678e-18	EXCLUDED
0.1732	0.02	0.01	0.1	0.75	14.134725	5.5224e-08	1.3561e-14	6.1685e-13	1.6232e-17	EXCLUDED
0.1732	0.02	0.1	0.01	0.75	14.134725	5.5224e-08	1.3561e-14	5.6638e-12	1.7678e-18	EXCLUDED
0.1732	0.02	0.1	0.1	0.75	14.134725	5.5224e-08	1.3561e-14	5.6638e-12	1.6232e-17	EXCLUDED
0.1732	0.05	0.01	0.01	0.75	14.134725	5.5224e-08	8.3430e-12	6.1685e-13	7.9211e-16	EXCLUDED
0.1732	0.05	0.01	0.1	0.75	14.134725	5.5224e-08	8.3430e-12	6.1685e-13	7.2730e-15	EXCLUDED
0.1732	0.05	0.1	0.01	0.75	14.134725	5.5224e-08	8.3430e-12	5.6638e-12	7.9211e-16	EXCLUDED
0.1732	0.05	0.1	0.1	0.75	14.134725	5.5224e-08	8.3430e-12	5.6638e-12	7.2730e-15	EXCLUDED
0.08	0.08	0.01	0.01	0.6	14.134725	2.2723e-10	2.2723e-10	1.4513e-14	1.4513e-14	VISIBLE
0.08	0.08	0.01	0.1	0.6	14.134725	2.2723e-10	2.2723e-10	1.4513e-14	1.3325e-13	VISIBLE
0.08	0.08	0.1	0.01	0.6	14.134725	2.2723e-10	2.2723e-10	1.3325e-13	1.4513e-14	VISIBLE
0.08	0.08	0.1	0.1	0.6	14.134725	2.2723e-10	2.2723e-10	1.3325e-13	1.3325e-13	VISIBLE
0.08	0.12	0.01	0.01	0.6	14.134725	2.2723e-10	4.0004e-09	1.4513e-14	1.3232e-13	VISIBLE
0.08	0.12	0.01	0.1	0.6	14.134725	2.2723e-10	4.0004e-09	1.4513e-14	1.2149e-12	VISIBLE
0.08	0.12	0.1	0.01	0.6	14.134725	2.2723e-10	4.0004e-09	1.3325e-13	1.3232e-13	VISIBLE
0.08	0.12	0.1	0.1	0.6	14.134725	2.2723e-10	4.0004e-09	1.3325e-13	1.2149e-12	VISIBLE
0.08	0.1732	0.01	0.01	0.6	14.134725	2.2723e-10	5.5233e-08	1.4513e-14	6.1814e-13	VISIBLE
0.08	0.1732	0.01	0.1	0.6	14.134725	2.2723e-10	5.5233e-08	1.4513e-14	5.6757e-12	VISIBLE
0.08	0.1732	0.1	0.01	0.6	14.134725	2.2723e-10	5.5233e-08	1.3325e-13	6.1814e-13	VISIBLE
0.08	0.1732	0.1	0.1	0.6	14.134725	2.2723e-10	5.5233e-08	1.3325e-13	5.6757e-12	VISIBLE
0.12	0.08	0.01	0.01	0.6	14.134725	4.0004e-09	2.2723e-10	1.3232e-13	1.4513e-14	VISIBLE
0.12	0.08	0.01	0.1	0.6	14.134725	4.0004e-09	2.2723e-10	1.3232e-13	1.3325e-13	VISIBLE
0.12	0.08	0.1	0.01	0.6	14.134725	4.0004e-09	2.2723e-10	1.2149e-12	1.4513e-14	VISIBLE
0.12	0.08	0.1	0.1	0.6	14.134725	4.0004e-09	2.2723e-10	1.2149e-12	1.3325e-13	VISIBLE
0.12	0.12	0.01	0.01	0.6	14.134725	4.0004e-09	4.0004e-09	1.3232e-13	1.3232e-13	VISIBLE
0.12	0.12	0.01	0.1	0.6	14.134725	4.0004e-09	4.0004e-09	1.3232e-13	1.2149e-12	VISIBLE
0.12	0.12	0.1	0.01	0.6	14.134725	4.0004e-09	4.0004e-09	1.2149e-12	1.3232e-13	VISIBLE
0.12	0.12	0.1	0.1	0.6	14.134725	4.0004e-09	4.0004e-09	1.2149e-12	1.2149e-12	VISIBLE
0.12	0.1732	0.01	0.01	0.6	14.134725	4.0004e-09	5.5233e-08	1.3232e-13	6.1814e-13	VISIBLE
0.12	0.1732	0.01	0.1	0.6	14.134725	4.0004e-09	5.5233e-08	1.3232e-13	5.6757e-12	VISIBLE
0.12	0.1732	0.1	0.01	0.6	14.134725	4.0004e-09	5.5233e-08	1.2149e-12	6.1814e-13	VISIBLE
0.12	0.1732	0.1	0.1	0.6	14.134725	4.0004e-09	5.5233e-08	1.2149e-12	5.6757e-12	VISIBLE
0.1732	0.08	0.01	0.01	0.6	14.134725	5.5233e-08	2.2723e-10	6.1814e-13	1.4513e-14	TESTED
0.1732	0.08	0.01	0.1	0.6	14.134725	5.5233e-08	2.2723e-10	6.1814e-13	1.3325e-13	TESTED
0.1732	0.08	0.1	0.01	0.6	14.134725	5.5233e-08	2.2723e-10	5.6757e-12	1.4513e-14	TESTED
0.1732	0.08	0.1	0.1	0.6	14.134725	5.5233e-08	2.2723e-10	5.6757e-12	1.3325e-13	TESTED
0.1732	0.12	0.01	0.01	0.6	14.134725	5.5233e-08	4.0004e-09	6.1814e-13	1.3232e-13	VISIBLE
0.1732	0.12	0.01	0.1	0.6	14.134725	5.5233e-08	4.0004e-09	6.1814e-13	1.2149e-12	VISIBLE
0.1732	0.12	0.1	0.01	0.6	14.134725	5.5233e-08	4.0004e-09	5.6757e-12	1.3232e-13	VISIBLE
0.1732	0.12	0.1	0.1	0.6	14.134725	5.5233e-08	4.0004e-09	5.6757e-12	1.2149e-12	VISIBLE
0.1732	0.1732	0.01	0.01	0.6	14.134725	5.5233e-08	5.5233e-08	6.1814e-13	6.1814e-13	VISIBLE
0.1732	0.1732	0.01	0.1	0.6	14.134725	5.5233e-08	5.5233e-08	6.1814e-13	5.6757e-12	VISIBLE
0.1732	0.1732	0.1	0.01	0.6	14.134725	5.5233e-08	5.5233e-08	5.6757e-12	6.1814e-13	VISIBLE
0.1732	0.1732	0.1	0.1	0.6	14.134725	5.5233e-08	5.5233e-08	5.6757e-12	5.6757e-12	VISIBLE
0.05	0.02	0.01	0.01	0.6	14.134725	8.3410e-12	1.3558e-14	7.9215e-16	1.7675e-18	EXCLUDED
0.05	0.02	0.01	0.1	0.6	14.134725	8.3410e-12	1.3558e-14	7.9215e-16	1.6229e-17	EXCLUDED
0.05	0.02	0.1	0.01	0.6	14.134725	8.3410e-12	1.3558e-14	7.2734e-15	1.7675e-18	EXCLUDED
0.05	0.02	0.1	0.1	0.6	14.134725	8.3410e-12	1.3558e-14	7.2734e-15	1.6229e-17	EXCLUDED
0.05	0.05	0.01	0.01	0.6	14.134725	8.3410e-12	8.3410e-12	7.9215e-16	7.9215e-16	EXCLUDED
0.05	0.05	0.01	0.1	0.6	14.134725	8.3410e-12	8.3410e-12	7.9215e-16	7.2734e-15	EXCLUDED
0.05	0.05	0.1	0.01	0.6	14.134725	8.3410e-12	8.3410e-12	7.2734e-15	7.9215e-16	EXCLUDED
0.05	0.05	0.1	0.1	0.6	14.134725	8.3410e-12	8.3410e-12	7.2734e-15	7.2734e-15	EXCLUDED
0.05	0.08	0.01	0.01	0.6	14.134725	8.3410e-12	2.2723e-10	7.9215e-16	1.4513e-14	EXCLUDED
0.05	0.08	0.01	0.1	0.6	14.134725	8.3410e-12	2.2723e-10	7.9215e-16	1.3325e-13	EXCLUDED
0.05	0.08	0.1	0.01	0.6	14.134725	8.3410e-12	2.2723e-10	7.2734e-15	1.4513e-14	EXCLUDED
0.05	0.08	0.1	0.1	0.6	14.134725	8.3410e-12	2.2723e-10	7.2734e-15	1.3325e-13	EXCLUDED
0.08	0.02	0.01	0.01	0.6	14.134725	2.2723e-10	1.3558e-14	1.4513e-14	1.7675e-18	EXCLUDED
0.08	0.02	0.01	0.1	0.6	14.134725	2.2723e-10	1.3558e-14	1.4513e-14	1.6229e-17	EXCLUDED
0.08	0.02	0.1	0.01	0.6	14.134725	2.2723e-10	1.3558e-14	1.3325e-13	1.7675e-18	EXCLUDED
0.08	0.02	0.1	0.1	0.6	14.134725	2.2723e-10	1.3558e-14	1.3325e-13	1.6229e-17	EXCLUDED
0.08	0.05	0.01	0.01	0.6	14.134725	2.2723e-10	8.3410e-12	1.4513e-14	7.9215e-16	EXCLUDED
0.08	0.05	0.01	0.1	0.6	14.134725	2.2723e-10	8.3410e-12	1.4513e-14	7.2734e-15	EXCLUDED
0.08	0.05	0.1	0.01	0.6	14.134725	2.2723e-10	8.3410e-12	1.3325e-13	7.9215e-16	EXCLUDED
0.08	0.05	0.1	0.1	0.6	14.134725	2.2723e-10	8.3410e-12	1.3325e-13	7.2734e-15	EXCLUDED
0.12	0.02	0.01	0.01	0.6	14.134725	4.0004e-09	1.3558e-14	1.3232e-13	1.7675e-18	EXCLUDED
0.12	0.02	0.01	0.1	0.6	14.134725	4.0004e-09	1.3558e-14	1.3232e-13	1.6229e-17	EXCLUDED
0.12	0.02	0.1	0.01	0.6	14.134725	4.0004e-09	1.3558e-14	1.2149e-12	1.7675e-18	EXCLUDED
0.12	0.02	0.1	0.1	0.6	14.134725	4.0004e-09	1.3558e-14	1.2149e-12	1.6229e-17	EXCLUDED
0.12	0.05	0.01	0.01	0.6	14.134725	4.0004e-09	8.3410e-12	1.3232e-13	7.9215e-16	EXCLUDED
0.12	0.05	0.01	0.1	0.6	14.134725	4.0004e-09	8.3410e-12	1.3232e-13	7.2734e-15	EXCLUDED
0.12	0.05	0.1	0.01	0.6	14.134725	4.0004e-09	8.3410e-12	1.2149e-12	7.9215e-16	EXCLUDED
0.12	0.05	0.1	0.1	0.6	14.134725	4.0004e-09	8.3410e-12	1.2149e-12	7.2734e-15	EXCLUDED
0.1732	0.02	0.01	0.01	0.6	14.134725	5.5233e-08	1.3558e-14	6.1814e-13	1.7675e-18	EXCLUDED
0.1732	0.02	0.01	0.1	0.6	14.134725	5.5233e-08	1.3558e-14	6.1814e-13	1.6229e-17	EXCLUDED
0.1732	0.02	0.1	0.01	0.6	14.134725	5.5233e-08	1.3558e-14	5.6757e-12	1.7675e-18	EXCLUDED
0.1732	0.02	0.1	0.1	0.6	14.134725	5.5233e-08	1.3558e-14	5.6757e-12	1.6229e-17	EXCLUDED
0.1732	0.05	0.01	0.01	0.6	14.134725	5.5233e-08	8.3410e-12	6.1814e-13	7.9215e-16	EXCLUDED
0.1732	0.05	0.01	0.1	0.6	14.134725	5.5233e-08	8.3410e-12	6.1814e-13	7.2734e-15	EXCLUDED
0.1732	0.05	0.1	0.01	0.6	14.134725	5.5233e-08	8.3410e-12	5.6757e-12	7.9215e-16	EXCLUDED
0.1732	0.05	0.1	0.1	0.6	14.134725	5.5233e-08	8.3410e-12	5.6757e-12	7.2734e-15	EXCLUDED
0.08	0.08	0.01	0.01	0.55	14.134725	2.2722e-10	2.2722e-10	1.4515e-14	1.4515e-14	VISIBLE
0.08	0.08	0.01	0.1	0.55	14.134725	2.2722e-10	2.2722e-10	1.4515e-14	1.3327e-13	VISIBLE
0.08	0.08	0.1	0.01	0.55	14.134725	2.2722e-10	2.2722e-10	1.3327e-13	1.4515e-14	VISIBLE
0.08	0.08	0.1	0.1	0.55	14.134725	2.2722e-10	2.2722e-10	1.3327e-13	1.3327e-13	VISIBLE
0.08	0.12	0.01	0.01	0.55	14.134725	2.2722e-10	4.0004e-09	1.4515e-14	1.3236e-13	VISIBLE
0.08	0.12	0.01	0.1	0.55	14.134725	2.2722e-10	4.0004e-09	1.4515e-14	1.2153e-12	VISIBLE
0.08	0.12	0.1	0.01	0.55	14.134725	2.2722e-10	4.0004e-09	1.3327e-13	1.3236e-13	VISIBLE
0.08	0.12	0.1	0.1	0.55	14.134725	2.2722e-10	4.0004e-09	1.3327e-13	1.2153e-12	VISIBLE
0.08	0.1732	0.01	0.01	0.55	14.134725	2.2722e-10	5.5238e-08	1.4515e-14	6.1853e-13	VISIBLE
0.08	0.1732	0.01	0.1	0.55	14.134725	2.2722e-10	5.5238e-08	1.4515e-14	5.6793e-12	VISIBLE
0.08	0.1732	0.1	0.01	0.55	14.134725	2.2722e-10	5.5238e-08	1.3327e-13	6.1853e-13	VISIBLE
0.08	0.1732	0.1	0.1	0.55	14.134725	2.2722e-10	5.5238e-08	1.3327e-13	5.6793e-12	VISIBLE
0.12	0.08	0.01	0.01	0.55	14.134725	4.0004e-09	2.2722e-10	1.3236e-13	1.4515e-14	VISIBLE
0.12	0.08	0.01	0.1	0.55	14.134725	4.0004e-09	2.2722e-10	1.3236e-13	1.3327e-13	VISIBLE
0.12	0.08	0.1	0.01	0.55	14.134725	4.0004e-09	2.2722e-10	1.2153e-12	1.4515e-14	VISIBLE
0.12	0.08	0.1	0.1	0.55	14.134725	4.0004e-09	2.2722e-10	1.2153e-12	1.3327e-13	VISIBLE
0.12	0.12	0.01	0.01	0.55	14.134725	4.0004e-09	4.0004e-09	1.3236e-13	1.3236e-13	VISIBLE
0.12	0.12	0.01	0.1	0.55	14.134725	4.0004e-09	4.0004e-09	1.3236e-13	1.2153e-12	VISIBLE
0.12	0.12	0.1	0.01	0.55	14.134725	4.0004e-09	4.0004e-09	1.2153e-12	1.3236e-13	VISIBLE
0.12	0.12	0.1	0.1	0.55	14.134725	4.0004e-09	4.0004e-09	1.2153e-12	1.2153e-12	VISIBLE
0.12	0.1732	0.01	0.01	0.55	14.134725	4.0004e-09	5.5238e-08	1.3236e-13	6.1853e-13	VISIBLE
0.12	0.1732	0.01	0.1	0.55	14.134725	4.0004e-09	5.5238e-08	1.3236e-13	5.6793e-12	VISIBLE
0.12	0.1732	0.1	0.01	0.55	14.134725	4.0004e-09	5.5238e-08	1.2153e-12	6.1853e-13	VISIBLE
0.12	0.1732	0.1	0.1	0.55	14.134725	4.0004e-09	5.5238e-08	1.2153e-12	5.6793e-12	VISIBLE
0.1732	0.08	0.01	0.01	0.55	14.134725	5.5238e-08	2.2722e-10	6.1853e-13	1.4515e-14	TESTED
0.1732	0.08	0.01	0.1	0.55	14.134725	5.5238e-08	2.2722e-10	6.1853e-13	1.3327e-13	TESTED
0.1732	0.08	0.1	0.01	0.55	14.134725	5.5238e-08	2.2722e-10	5.6793e-12	1.4515e-14	TESTED
0.1732	0.08	0.1	0.1	0.55	14.134725	5.5238e-08	2.2722e-10	5.6793e-12	1.3327e-13	TESTED
0.1732	0.12	0.01	0.01	0.55	14.134725	5.5238e-08	4.0004e-09	6.1853e-13	1.3236e-13	VISIBLE
0.1732	0.12	0.01	0.1	0.55	14.134725	5.5238e-08	4.0004e-09	6.1853e-13	1.2153e-12	VISIBLE
0.1732	0.12	0.1	0.01	0.55	14.134725	5.5238e-08	4.0004e-09	5.6793e-12	1.3236e-13	VISIBLE
0.1732	0.12	0.1	0.1	0.55	14.134725	5.5238e-08	4.0004e-09	5.6793e-12	1.2153e-12	VISIBLE
0.1732	0.1732	0.01	0.01	0.55	14.134725	5.5238e-08	5.5238e-08	6.1853e-13	6.1853e-13	VISIBLE
0.1732	0.1732	0.01	0.1	0.55	14.134725	5.5238e-08	5.5238e-08	6.1853e-13	5.6793e-12	VISIBLE
0.1732	0.1732	0.1	0.01	0.55	14.134725	5.5238e-08	5.5238e-08	5.6793e-12	6.1853e-13	VISIBLE
0.1732	0.1732	0.1	0.1	0.55	14.134725	5.5238e-08	5.5238e-08	5.6793e-12	5.6793e-12	VISIBLE
0.05	0.02	0.01	0.01	0.55	14.134725	8.3408e-12	1.3557e-14	7.9219e-16	1.7675e-18	EXCLUDED
0.05	0.02	0.01	0.1	0.55	14.134725	8.3408e-12	1.3557e-14	7.9219e-16	1.6229e-17	EXCLUDED
0.05	0.02	0.1	0.01	0.55	14.134725	8.3408e-12	1.3557e-14	7.2737e-15	1.7675e-18	EXCLUDED
0.05	0.02	0.1	0.1	0.55	14.134725	8.3408e-12	1.3557e-14	7.2737e-15	1.6229e-17	EXCLUDED
0.05	0.05	0.01	0.01	0.55	14.134725	8.3408e-12	8.3408e-12	7.9219e-16	7.9219e-16	EXCLUDED
0.05	0.05	0.01	0.1	0.55	14.134725	8.3408e-12	8.3408e-12	7.9219e-16	7.2737e-15	EXCLUDED
0.05	0.05	0.1	0.01	0.55	14.134725	8.3408e-12	8.3408e-12	7.2737e-15	7.9219e-16	EXCLUDED
0.05	0.05	0.1	0.1	0.55	14.134725	8.3408e-12	8.3408e-12	7.2737e-15	7.2737e-15	EXCLUDED
0.05	0.08	0.01	0.01	0.55	14.134725	8.3408e-12	2.2722e-10	7.9219e-16	1.4515e-14	EXCLUDED
0.05	0.08	0.01	0.1	0.55	14.134725	8.3408e-12	2.2722e-10	7.9219e-16	1.3327e-13	EXCLUDED
0.05	0.08	0.1	0.01	0.55	14.134725	8.3408e-12	2.2722e-10	7.2737e-15	1.4515e-14	EXCLUDED
0.05	0.08	0.1	0.1	0.55	14.134725	8.3408e-12	2.2722e-10	7.2737e-15	1.3327e-13	EXCLUDED
0.08	0.02	0.01	0.01	0.55	14.134725	2.2722e-10	1.3557e-14	1.4515e-14	1.7675e-18	EXCLUDED
0.08	0.02	0.01	0.1	0.55	14.134725	2.2722e-10	1.3557e-14	1.4515e-14	1.6229e-17	EXCLUDED
0.08	0.02	0.1	0.01	0.55	14.134725	2.2722e-10	1.3557e-14	1.3327e-13	1.7675e-18	EXCLUDED
0.08	0.02	0.1	0.1	0.55	14.134725	2.2722e-10	1.3557e-14	1.3327e-13	1.6229e-17	EXCLUDED
0.08	0.05	0.01	0.01	0.55	14.134725	2.2722e-10	8.3408e-12	1.4515e-14	7.9219e-16	EXCLUDED
0.08	0.05	0.01	0.1	0.55	14.134725	2.2722e-10	8.3408e-12	1.4515e-14	7.2737e-15	EXCLUDED
0.08	0.05	0.1	0.01	0.55	14.134725	2.2722e-10	8.3408e-12	1.3327e-13	7.9219e-16	EXCLUDED
0.08	0.05	0.1	0.1	0.55	14.134725	2.2722e-10	8.3408e-12	1.3327e-13	7.2737e-15	EXCLUDED
0.12	0.02	0.01	0.01	0.55	14.134725	4.0004e-09	1.3557e-14	1.3236e-13	1.7675e-18	EXCLUDED
0.12	0.02	0.01	0.1	0.55	14.134725	4.0004e-09	1.3557e-14	1.3236e-13	1.6229e-17	EXCLUDED
0.12	0.02	0.1	0.01	0.55	14.134725	4.0004e-09	1.3557e-14	1.2153e-12	1.7675e-18	EXCLUDED
0.12	0.02	0.1	0.1	0.55	14.134725	4.0004e-09	1.3557e-14	1.2153e-12	1.6229e-17	EXCLUDED
0.12	0.05	0.01	0.01	0.55	14.134725	4.0004e-09	8.3408e-12	1.3236e-13	7.9219e-16	EXCLUDED
0.12	0.05	0.01	0.1	0.55	14.134725	4.0004e-09	8.3408e-12	1.3236e-13	7.2737e-15	EXCLUDED
0.12	0.05	0.1	0.01	0.55	14.134725	4.0004e-09	8.3408e-12	1.2153e-12	7.9219e-16	EXCLUDED
0.12	0.05	0.1	0.1	0.55	14.134725	4.0004e-09	8.3408e-12	1.2153e-12	7.2737e-15	EXCLUDED
0.1732	0.02	0.01	0.01	0.55	14.134725	5.5238e-08	1.3557e-14	6.1853e-13	1.7675e-18	EXCLUDED
0.1732	0.02	0.01	0.1	0.55	14.134725	5.5238e-08	1.3557e-14	6.1853e-13	1.6229e-17	EXCLUDED
0.1732	0.02	0.1	0.01	0.55	14.134725	5.5238e-08	1.3557e-14	5.6793e-12	1.7675e-18	EXCLUDED
0.1732	0.02	0.1	0.1	0.55	14.134725	5.5238e-08	1.3557e-14	5.6793e-12	1.6229e-17	EXCLUDED
0.1732	0.05	0.01	0.01	0.55	14.134725	5.5238e-08	8.3408e-12	6.1853e-13	7.9219e-16	EXCLUDED
0.1732	0.05	0.01	0.1	0.55	14.134725	5.5238e-08	8.3408e-12	6.1853e-13	7.2737e-15	EXCLUDED
0.1732	0.05	0.1	0.01	0.55	14.134725	5.5238e-08	8.3408e-12	5.6793e-12	7.9219e-16	EXCLUDED
0.1732	0.05	0.1	0.1	0.55	14.134725	5.5238e-08	8.3408e-12	5.6793e-12	7.2737e-15	EXCLUDED
0.05	0.05	0.01	0.01	0.99	21.02204	1.8667e-11	1.8667e-11	1.3092e-15	1.3092e-15	VISIBLE
0.05	0.05	0.01	0.1	0.99	21.02204	1.8667e-11	1.8667e-11	1.3092e-15	1.2021e-14	VISIBLE
0.05	0.05	0.1	0.01	0.99	21.02204	1.8667e-11	1.8667e-11	1.2021e-14	1.3092e-15	VISIBLE
0.05	0.05	0.1	0.1	0.99	21.02204	1.8667e-11	1.8667e-11	1.2021e-14	1.2021e-14	VISIBLE
0.05	0.08	0.01	0.01	0.99	21.02204	1.8667e-11	5.1752e-10	1.3092e-15	1.7692e-14	VISIBLE
0.05	0.08	0.01	0.1	0.99	21.02204	1.8667e-11	5.1752e-10	1.3092e-15	1.6244e-13	VISIBLE
0.05	0.08	0.1	0.01	0.99	21.02204	1.8667e-11	5.1752e-10	1.2021e-14	1.7692e-14	VISIBLE
0.05	0.08	0.1	0.1	0.99	21.02204	1.8667e-11	5.1752e-10	1.2021e-14	1.6244e-13	VISIBLE
0.05	0.12	0.01	0.01	0.99	21.02204	1.8667e-11	9.4244e-09	1.3092e-15	9.4812e-14	VISIBLE
0.05	0.12	0.01	0.1	0.99	21.02204	1.8667e-11	9.4244e-09	1.3092e-15	8.7054e-13	VISIBLE
0.05	0.12	0.1	0.01	0.99	21.02204	1.8667e-11	9.4244e-09	1.2021e-14	9.4812e-14	VISIBLE
0.05	0.12	0.1	0.1	0.99	21.02204	1.8667e-11	9.4244e-09	1.2021e-14	8.7054e-13	VISIBLE
0.05	0.1732	0.01	0.01	0.99	21.02204	1.8667e-11	1.3619e-07	1.3092e-15	1.9513e-13	VISIBLE
0.05	0.1732	0.01	0.1	0.99	21.02204	1.8667e-11	1.3619e-07	1.3092e-15	1.7917e-12	VISIBLE
0.05	0.1732	0.1	0.01	0.99	21.02204	1.8667e-11	1.3619e-07	1.2021e-14	1.9513e-13	VISIBLE
0.05	0.1732	0.1	0.1	0.99	21.02204	1.8667e-11	1.3619e-07	1.2021e-14	1.7917e-12	VISIBLE
0.08	0.05	0.01	0.01	0.99	21.02204	5.1752e-10	1.8667e-11	1.7692e-14	1.3092e-15	VISIBLE
0.08	0.05	0.01	0.1	0.99	21.02204	5.1752e-10	1.8667e-11	1.7692e-14	1.2021e-14	VISIBLE
0.08	0.05	0.1	0.01	0.99	21.02204	5.1752e-10	1.8667e-11	1.6244e-13	1.3092e-15	VISIBLE
0.08	0.05	0.1	0.1	0.99	21.02204	5.1752e-10	1.8667e-11	1.6244e-13	1.2021e-14	VISIBLE
0.08	0.08	0.01	0.01	0.99	21.02204	5.1752e-10	5.1752e-10	1.7692e-14	1.7692e-14	VISIBLE
0.08	0.08	0.01	0.1	0.99	21.02204	5.1752e-10	5.1752e-10	1.7692e-14	1.6244e-13	VISIBLE
0.08	0.08	0.1	0.01	0.99	21.02204	5.1752e-10	5.1752e-10	1.6244e-13	1.7692e-14	VISIBLE
0.08	0.08	0.1	0.1	0.99	21.02204	5.1752e-10	5.1752e-10	1.6244e-13	1.6244e-13	VISIBLE
0.08	0.12	0.01	0.01	0.99	21.02204	5.1752e-10	9.4244e-09	1.7692e-14	9.4812e-14	VISIBLE
0.08	0.12	0.01	0.1	0.99	21.02204	5.1752e-10	9.4244e-09	1.7692e-14	8.7054e-13	VISIBLE
0.08	0.12	0.1	0.01	0.99	21.02204	5.1752e-10	9.4244e-09	1.6244e-13	9.4812e-14	VISIBLE
0.08	0.12	0.1	0.1	0.99	21.02204	5.1752e-10	9.4244e-09	1.6244e-13	8.7054e-13	VISIBLE
0.08	0.1732	0.01	0.01	0.99	21.02204	5.1752e-10	1.3619e-07	1.7692e-14	1.9513e-13	VISIBLE
0.08	0.1732	0.01	0.1	0.99	21.02204	5.1752e-10	1.3619e-07	1.7692e-14	1.7917e-12	VISIBLE
0.08	0.1732	0.1	0.01	0.99	21.02204	5.1752e-10	1.3619e-07	1.6244e-13	1.9513e-13	VISIBLE
0.08	0.1732	0.1	0.1	0.99	21.02204	5.1752e-10	1.3619e-07	1.6244e-13	1.7917e-12	VISIBLE
0.12	0.05	0.01	0.01	0.99	21.02204	9.4244e-09	1.8667e-11	9.4812e-14	1.3092e-15	VISIBLE
0.12	0.05	0.01	0.1	0.99	21.02204	9.4244e-09	1.8667e-11	9.4812e-14	1.2021e-14	VISIBLE
0.12	0.05	0.1	0.01	0.99	21.02204	9.4244e-09	1.8667e-11	8.7054e-13	1.3092e-15	VISIBLE
0.12	0.05	0.1	0.1	0.99	21.02204	9.4244e-09	1.8667e-11	8.7054e-13	1.2021e-14	VISIBLE
0.12	0.08	0.01	0.01	0.99	21.02204	9.4244e-09	5.1752e-10	9.4812e-14	1.7692e-14	VISIBLE
0.12	0.08	0.01	0.1	0.99	21.02204	9.4244e-09	5.1752e-10	9.4812e-14	1.6244e-13	VISIBLE
0.12	0.08	0.1	0.01	0.99	21.02204	9.4244e-09	5.1752e-10	8.7054e-13	1.7692e-14	VISIBLE
0.12	0.08	0.1	0.1	0.99	21.02204	9.4244e-09	5.1752e-10	8.7054e-13	1.6244e-13	VISIBLE
0.12	0.12	0.01	0.01	0.99	21.02204	9.4244e-09	9.4244e-09	9.4812e-14	9.4812e-14	VISIBLE
0.12	0.12	0.01	0.1	0.99	21.02204	9.4244e-09	9.4244e-09	9.4812e-14	8.7054e-13	VISIBLE
0.12	0.12	0.1	0.01	0.99	21.02204	9.4244e-09	9.4244e-09	8.7054e-13	9.4812e-14	VISIBLE
0.12	0.12	0.1	0.1	0.99	21.02204	9.4244e-09	9.4244e-09	8.7054e-13	8.7054e-13	VISIBLE
0.12	0.1732	0.01	0.01	0.99	21.02204	9.4244e-09	1.3619e-07	9.4812e-14	1.9513e-13	VISIBLE
0.12	0.1732	0.01	0.1	0.99	21.02204	9.4244e-09	1.3619e-07	9.4812e-14	1.7917e-12	VISIBLE
0.12	0.1732	0.1	0.01	0.99	21.02204	9.4244e-09	1.3619e-07	8.7054e-13	1.9513e-13	VISIBLE
0.12	0.1732	0.1	0.1	0.99	21.02204	9.4244e-09	1.3619e-07	8.7054e-13	1.7917e-12	VISIBLE
0.1732	0.05	0.01	0.01	0.99	21.02204	1.3619e-07	1.8667e-11	1.9513e-13	1.3092e-15	TESTED
0.1732	0.05	0.01	0.1	0.99	21.02204	1.3619e-07	1.8667e-11	1.9513e-13	1.2021e-14	TESTED
0.1732	0.05	0.1	0.01	0.99	21.02204	1.3619e-07	1.8667e-11	1.7917e-12	1.3092e-15	TESTED
0.1732	0.05	0.1	0.1	0.99	21.02204	1.3619e-07	1.8667e-11	1.7917e-12	1.2021e-14	VISIBLE
0.1732	0.08	0.01	0.01	0.99	21.02204	1.3619e-07	5.1752e-10	1.9513e-13	1.7692e-14	VISIBLE
0.1732	0.08	0.01	0.1	0.99	21.02204	1.3619e-07	5.1752e-10	1.9513e-13	1.6244e-13	VISIBLE
0.1732	0.08	0.1	0.01	0.99	21.02204	1.3619e-07	5.1752e-10	1.7917e-12	1.7692e-14	VISIBLE
0.1732	0.08	0.1	0.1	0.99	21.02204	1.3619e-07	5.1752e-10	1.7917e-12	1.6244e-13	VISIBLE
0.1732	0.12	0.01	0.01	0.99	21.02204	1.3619e-07	9.4244e-09	1.9513e-13	9.4812e-14	VISIBLE
0.1732	0.12	0.01	0.1	0.99	21.02204	1.3619e-07	9.4244e-09	1.9513e-13	8.7054e-13	VISIBLE
0.1732	0.12	0.1	0.01	0.99	21.02204	1.3619e-07	9.4244e-09	1.7917e-12	9.4812e-14	VISIBLE
0.1732	0.12	0.1	0.1	0.99	21.02204	1.3619e-07	9.4244e-09	1.7917e-12	8.7054e-13	VISIBLE
0.1732	0.1732	0.01	0.01	0.99	21.02204	1.3619e-07	1.3619e-07	1.9513e-13	1.9513e-13	VISIBLE
0.1732	0.1732	0.01	0.1	0.99	21.02204	1.3619e-07	1.3619e-07	1.9513e-13	1.7917e-12	VISIBLE
0.1732	0.1732	0.1	0.01	0.99	21.02204	1.3619e-07	1.3619e-07	1.7917e-12	1.9513e-13	VISIBLE
0.1732	0.1732	0.1	0.1	0.99	21.02204	1.3619e-07	1.3619e-07	1.7917e-12	1.7917e-12	VISIBLE
0.02	0.02	0.01	0.01	0.99	21.02204	3.0052e-14	3.0052e-14	3.5874e-18	3.5874e-18	EXCLUDED
0.02	0.02	0.01	0.1	0.99	21.02204	3.0052e-14	3.0052e-14	3.5874e-18	3.2939e-17	EXCLUDED
0.02	0.02	0.1	0.01	0.99	21.02204	3.0052e-14	3.0052e-14	3.2939e-17	3.5874e-18	EXCLUDED
0.02	0.02	0.1	0.1	0.99	21.02204	3.0052e-14	3.0052e-14	3.2939e-17	3.2939e-17	EXCLUDED
0.05	0.02	0.01	0.01	0.99	21.02204	1.8667e-11	3.0052e-14	1.3092e-15	3.5874e-18	EXCLUDED
0.05	0.02	0.01	0.1	0.99	21.02204	1.8667e-11	3.0052e-14	1.3092e-15	3.2939e-17	EXCLUDED
0.05	0.02	0.1	0.01	0.99	21.02204	1.8667e-11	3.0052e-14	1.2021e-14	3.5874e-18	EXCLUDED
0.05	0.02	0.1	0.1	0.99	21.02204	1.8667e-11	3.0052e-14	1.2021e-14	3.2939e-17	EXCLUDED
0.08	0.02	0.01	0.01	0.99	21.02204	5.1752e-10	3.0052e-14	1.7692e-14	3.5874e-18	EXCLUDED
0.08	0.02	0.01	0.1	0.99	21.02204	5.1752e-10	3.0052e-14	1.7692e-14	3.2939e-17	EXCLUDED
0.08	0.02	0.1	0.01	0.99	21.02204	5.1752e-10	3.0052e-14	1.6244e-13	3.5874e-18	EXCLUDED
0.08	0.02	0.1	0.1	0.99	21.02204	5.1752e-10	3.0052e-14	1.6244e-13	3.2939e-17	EXCLUDED
0.12	0.02	0.01	0.01	0.99	21.02204	9.4244e-09	3.0052e-14	9.4812e-14	3.5874e-18	EXCLUDED
0.12	0.02	0.01	0.1	0.99	21.02204	9.4244e-09	3.0052e-14	9.4812e-14	3.2939e-17	EXCLUDED
0.12	0.02	0.1	0.01	0.99	21.02204	9.4244e-09	3.0052e-14	8.7054e-13	3.5874e-18	EXCLUDED
0.12	0.02	0.1	0.1	0.99	21.02204	9.4244e-09	3.0052e-14	8.7054e-13	3.2939e-17	EXCLUDED
0.1732	0.02	0.01	0.01	0.99	21.02204	1.3619e-07	3.0052e-14	1.9513e-13	3.5874e-18	EXCLUDED
0.1732	0.02	0.01	0.1	0.99	21.02204	1.3619e-07	3.0052e-14	1.9513e-13	3.2939e-17	EXCLUDED
0.1732	0.02	0.1	0.01	0.99	21.02204	1.3619e-07	3.0052e-14	1.7917e-12	3.5874e-18	EXCLUDED
0.1732	0.02	0.1	0.1	0.99	21.02204	1.3619e-07	3.0052e-14	1.7917e-12	3.2939e-17	EXCLUDED
0.05	0.05	0.01	0.01	0.9	21.02204	1.8664e-11	1.8664e-11	1.3093e-15	1.3093e-15	VISIBLE
0.05	0.05	0.01	0.1	0.9	21.02204	1.8664e-11	1.8664e-11	1.3093e-15	1.2021e-14	VISIBLE
0.05	0.05	0.1	0.01	0.9	21.02204	1.8664e-11	1.8664e-11	1.2021e-14	1.3093e-15	VISIBLE
0.05	0.05	0.1	0.1	0.9	21.02204	1.8664e-11	1.8664e-11	1.2021e-14	1.2021e-14	VISIBLE
0.05	0.08	0.01	0.01	0.9	21.02204	1.8664e-11	5.1745e-10	1.3093e-15	1.7697e-14	VISIBLE
0.05	0.08	0.01	0.1	0.9	21.02204	1.8664e-11	5.1745e-10	1.3093e-15	1.6249e-13	VISIBLE
0.05	0.08	0.1	0.01	0.9	21.02204	1.8664e-11	5.1745e-10	1.2021e-14	1.7697e-14	VISIBLE
0.05	0.08	0.1	0.1	0.9	21.02204	1.8664e-11	5.1745e-10	1.2021e-14	1.6249e-13	VISIBLE
0.05	0.12	0.01	0.01	0.9	21.02204	1.8664e-11	9.4243e-09	1.3093e-15	9.4884e-14	VISIBLE
0.05	0.12	0.01	0.1	0.9	21.02204	1.8664e-11	9.4243e-09	1.3093e-15	8.7121e-13	VISIBLE
0.05	0.12	0.1	0.01	0.9	21.02204	1.8664e-11	9.4243e-09	1.2021e-14	9.4884e-14	VISIBLE
0.05	0.12	0.1	0.1	0.9	21.02204	1.8664e-11	9.4243e-09	1.2021e-14	8.7121e-13	VISIBLE
0.05	0.1732	0.01	0.01	0.9	21.02204	1.8664e-11	1.3625e-07	1.3093e-15	1.9546e-13	VISIBLE
0.05	0.1732	0.01	0.1	0.9	21.02204	1.8664e-11	1.3625e-07	1.3093e-15	1.7947e-12	VISIBLE
0.05	0.1732	0.1	0.01	0.9	21.02204	1.8664e-11	1.3625e-07	1.2021e-14	1.9546e-13	VISIBLE
0.05	0.1732	0.1	0.1	0.9	21.02204	1.8664e-11	1.3625e-07	1.2021e-14	1.7947e-12	VISIBLE
0.08	0.05	0.01	0.01	0.9	21.02204	5.1745e-10	1.8664e-11	1.7697e-14	1.3093e-15	VISIBLE
0.08	0.05	0.01	0.1	0.9	21.02204	5.1745e-10	1.8664e-11	1.7697e-14	1.2021e-14	VISIBLE
0.08	0.05	0.1	0.01	0.9	21.02204	5.1745e-10	1.8664e-11	1.6249e-13	1.3093e-15	VISIBLE
0.08	0.05	0.1	0.1	0.9	21.02204	5.1745e-10	1.8664e-11	1.6249e-13	1.2021e-14	VISIBLE
0.08	0.08	0.01	0.01	0.9	21.02204	5.1745e-10	5.1745e-10	1.7697e-14	1.7697e-14	VISIBLE
0.08	0.08	0.01	0.1	0.9	21.02204	5.1745e-10	5.1745e-10	1.7697e-14	1.6249e-13	VISIBLE
0.08	0.08	0.1	0.01	0.9	21.02204	5.1745e-10	5.1745e-10	1.6249e-13	1.7697e-14	VISIBLE
0.08	0.08	0.1	0.1	0.9	21.02204	5.1745e-10	5.1745e-10	1.6249e-13	1.6249e-13	VISIBLE
0.08	0.12	0.01	0.01	0.9	21.02204	5.1745e-10	9.4243e-09	1.7697e-14	9.4884e-14	VISIBLE
0.08	0.12	0.01	0.1	0.9	21.02204	5.1745e-10	9.4243e-09	1.7697e-14	8.7121e-13	VISIBLE
0.08	0.12	0.1	0.01	0.9	21.02204	5.1745e-10	9.4243e-09	1.6249e-13	9.4884e-14	VISIBLE
0.08	0.12	0.1	0.1	0.9	21.02204	5.1745e-10	9.4243e-09	1.6249e-13	8.7121e-13	VISIBLE
0.08	0.1732	0.01	0.01	0.9	21.02204	5.1745e-10	1.3625e-07	1.7697e-14	1.9546e-13	VISIBLE
0.08	0.1732	0.01	0.1	0.9	21.02204	5.1745e-10	1.3625e-07	1.7697e-14	1.7947e-12	VISIBLE
0.08	0.1732	0.1	0.01	0.9	21.02204	5.1745e-10	1.3625e-07	1.6249e-13	1.9546e-13	VISIBLE
0.08	0.1732	0.1	0.1	0.9	21.02204	5.1745e-10	1.3625e-07	1.6249e-13	1.7947e-12	VISIBLE
0.12	0.05	0.01	0.01	0.9	21.02204	9.4243e-09	1.8664e-11	9.4884e-14	1.3093e-15	VISIBLE
0.12	0.05	0.01	0.1	0.9	21.02204	9.4243e-09	1.8664e-11	9.4884e-14	1.2021e-14	VISIBLE
0.12	0.05	0.1	0.01	0.9	21.02204	9.4243e-09	1.8664e-11	8.7121e-13	1.3093e-15	VISIBLE
0.12	0.05	0.1	0.1	0.9	21.02204	9.4243e-09	1.8664e-11	8.7121e-13	1.2021e-14	VISIBLE
0.12	0.08	0.01	0.01	0.9	21.02204	9.4243e-09	5.1745e-10	9.4884e-14	1.7697e-14	VISIBLE
0.12	0.08	0.01	0.1	0.9	21.02204	9.4243e-09	5.1745e-10	9.4884e-14	1.6249e-13	VISIBLE
0.12	0.08	0.1	0.01	0.9	21.02204	9.4243e-09	5.1745e-10	8.7121e-13	1.7697e-14	VISIBLE
0.12	0.08	0.1	0.1	0.9	21.02204	9.4243e-09	5.1745e-10	8.7121e-13	1.6249e-13	VISIBLE
0.12	0.12	0.01	0.01	0.9	21.02204	9.4243e-09	9.4243e-09	9.4884e-14	9.4884e-14	VISIBLE
0.12	0.12	0.01	0.1	0.9	21.02204	9.4243e-09	9.4243e-09	9.4884e-14	8.7121e-13	VISIBLE
0.12	0.12	0.1	0.01	0.9	21.02204	9.4243e-09	9.4243e-09	8.7121e-13	9.4884e-14	VISIBLE
0.12	0.12	0.1	0.1	0.9	21.02204	9.4243e-09	9.4243e-09	8.7121e-13	8.7121e-13	VISIBLE
0.12	0.1732	0.01	0.01	0.9	21.02204	9.4243e-09	1.3625e-07	9.4884e-14	1.9546e-13	VISIBLE
0.12	0.1732	0.01	0.1	0.9	21.02204	9.4243e-09	1.3625e-07	9.4884e-14	1.7947e-12	VISIBLE
0.12	0.1732	0.1	0.01	0.9	21.02204	9.4243e-09	1.3625e-07	8.7121e-13	1.9546e-13	VISIBLE
0.12	0.1732	0.1	0.1	0.9	21.02204	9.4243e-09	1.3625e-07	8.7121e-13	1.7947e-12	VISIBLE
0.1732	0.05	0.01	0.01	0.9	21.02204	1.3625e-07	1.8664e-11	1.9546e-13	1.3093e-15	TESTED
0.1732	0.05	0.01	0.1	0.9	21.02204	1.3625e-07	1.8664e-11	1.9546e-13	1.2021e-14	TESTED
0.1732	0.05	0.1	0.01	0.9	21.02204	1.3625e-07	1.8664e-11	1.7947e-12	1.3093e-15	TESTED
0.1732	0.05	0.1	0.1	0.9	21.02204	1.3625e-07	1.8664e-11	1.7947e-12	1.2021e-14	VISIBLE
0.1732	0.08	0.01	0.01	0.9	21.02204	1.3625e-07	5.1745e-10	1.9546e-13	1.7697e-14	VISIBLE
0.1732	0.08	0.01	0.1	0.9	21.02204	1.3625e-07	5.1745e-10	1.9546e-13	1.6249e-13	VISIBLE
0.1732	0.08	0.1	0.01	0.9	21.02204	1.3625e-07	5.1745e-10	1.7947e-12	1.7697e-14	VISIBLE
0.1732	0.08	0.1	0.1	0.9	21.02204	1.3625e-07	5.1745e-10	1.7947e-12	1.6249e-13	VISIBLE
0.1732	0.12	0.01	0.01	0.9	21.02204	1.3625e-07	9.4243e-09	1.9546e-13	9.4884e-14	VISIBLE
0.1732	0.12	0.01	0.1	0.9	21.02204	1.3625e-07	9.4243e-09	1.9546e-13	8.7121e-13	VISIBLE
0.1732	0.12	0.1	0.01	0.9	21.02204	1.3625e-07	9.4243e-09	1.7947e-12	9.4884e-14	VISIBLE
0.1732	0.12	0.1	0.1	0.9	21.02204	1.3625e-07	9.4243e-09	1.7947e-12	8.7121e-13	VISIBLE
0.1732	0.1732	0.01	0.01	0.9	21.02204	1.3625e-07	1.3625e-07	1.9546e-13	1.9546e-13	VISIBLE
0.1732	0.1732	0.01	0.1	0.9	21.02204	1.3625e-07	1.3625e-07	1.9546e-13	1.7947e-12	VISIBLE
0.1732	0.1732	0.1	0.01	0.9	21.02204	1.3625e-07	1.3625e-07	1.7947e-12	1.9546e-13	VISIBLE
0.1732	0.1732	0.1	0.1	0.9	21.02204	1.3625e-07	1.3625e-07	1.7947e-12	1.7947e-12	VISIBLE
0.02	0.02	0.01	0.01	0.9	21.02204	3.0046e-14	3.0046e-14	3.5870e-18	3.5870e-18	EXCLUDED
0.02	0.02	0.01	0.1	0.9	21.02204	3.0046e-14	3.0046e-14	3.5870e-18	3.2935e-17	EXCLUDED
0.02	0.02	0.1	0.01	0.9	21.02204	3.0046e-14	3.0046e-14	3.2935e-17	3.5870e-18	EXCLUDED
0.02	0.02	0.1	0.1	0.9	21.02204	3.0046e-14	3.0046e-14	3.2935e-17	3.2935e-17	EXCLUDED
0.05	0.02	0.01	0.01	0.9	21.02204	1.8664e-11	3.0046e-14	1.3093e-15	3.5870e-18	EXCLUDED
0.05	0.02	0.01	0.1	0.9	21.02204	1.8664e-11	3.0046e-14	1.3093e-15	3.2935e-17	EXCLUDED
0.05	0.02	0.1	0.01	0.9	21.02204	1.8664e-11	3.0046e-14	1.2021e-14	3.5870e-18	EXCLUDED
0.05	0.02	0.1	0.1	0.9	21.02204	1.8664e-11	3.0046e-14	1.2021e-14	3.2935e-17	EXCLUDED
0.08	0.02	0.01	0.01	0.9	21.02204	5.1745e-10	3.0046e-14	1.7697e-14	3.5870e-18	EXCLUDED
0.08	0.02	0.01	0.1	0.9	21.02204	5.1745e-10	3.0046e-14	1.7697e-14	3.2935e-17	EXCLUDED
0.08	0.02	0.1	0.01	0.9	21.02204	5.1745e-10	3.0046e-14	1.6249e-13	3.5870e-18	EXCLUDED
0.08	0.02	0.1	0.1	0.9	21.02204	5.1745e-10	3.0046e-14	1.6249e-13	3.2935e-17	EXCLUDED
0.12	0.02	0.01	0.01	0.9	21.02204	9.4243e-09	3.0046e-14	9.4884e-14	3.5870e-18	EXCLUDED
0.12	0.02	0.01	0.1	0.9	21.02204	9.4243e-09	3.0046e-14	9.4884e-14	3.2935e-17	EXCLUDED
0.12	0.02	0.1	0.01	0.9	21.02204	9.4243e-09	3.0046e-14	8.7121e-13	3.5870e-18	EXCLUDED
0.12	0.02	0.1	0.1	0.9	21.02204	9.4243e-09	3.0046e-14	8.7121e-13	3.2935e-17	EXCLUDED
0.1732	0.02	0.01	0.01	0.9	21.02204	1.3625e-07	3.0046e-14	1.9546e-13	3.5870e-18	EXCLUDED
0.1732	0.02	0.01	0.1	0.9	21.02204	1.3625e-07	3.0046e-14	1.9546e-13	3.2935e-17	EXCLUDED
0.1732	0.02	0.1	0.01	0.9	21.02204	1.3625e-07	3.0046e-14	1.7947e-12	3.5870e-18	EXCLUDED
0.1732	0.02	0.1	0.1	0.9	21.02204	1.3625e-07	3.0046e-14	1.7947e-12	3.2935e-17	EXCLUDED
0.05	0.05	0.01	0.01	0.75	21.02204	1.8660e-11	1.8660e-11	1.3094e-15	1.3094e-15	VISIBLE
0.05	0.05	0.01	0.1	0.75	21.02204	1.8660e-11	1.8660e-11	1.3094e-15	1.2022e-14	VISIBLE
0.05	0.05	0.1	0.01	0.75	21.02204	1.8660e-11	1.8660e-11	1.2022e-14	1.3094e-15	VISIBLE
0.05	0.05	0.1	0.1	0.75	21.02204	1.8660e-11	1.8660e-11	1.2022e-14	1.2022e-14	VISIBLE
0.05	0.08	0.01	0.01	0.75	21.02204	1.8660e-11	5.1739e-10	1.3094e-15	1.7705e-14	VISIBLE
0.05	0.08	0.01	0.1	0.75	21.02204	1.8660e-11	5.1739e-10	1.3094e-15	1.6256e-13	VISIBLE
0.05	0.08	0.1	0.01	0.75	21.02204	1.8660e-11	5.1739e-10	1.2022e-14	1.7705e-14	VISIBLE
0.05	0.08	0.1	0.1	0.75	21.02204	1.8660e-11	5.1739e-10	1.2022e-14	1.6256e-13	VISIBLE
0.05	0.12	0.01	0.01	0.75	21.02204	1.8660e-11	9.4247e-09	1.3094e-15	9.4995e-14	VISIBLE
0.05	0.12	0.01	0.1	0.75	21.02204	1.8660e-11	9.4247e-09	1.3094e-15	8.7222e-13	VISIBLE
0.05	0.12	0.1	0.01	0.75	21.02204	1.8660e-11	9.4247e-09	1.2022e-14	9.4995e-14	VISIBLE
0.05	0.12	0.1	0.1	0.75	21.02204	1.8660e-11	9.4247e-09	1.2022e-14	8.7222e-13	VISIBLE
0.05	0.1732	0.01	0.01	0.75	21.02204	1.8660e-11	1.3633e-07	1.3094e-15	1.9595e-13	VISIBLE
0.05	0.1732	0.01	0.1	0.75	21.02204	1.8660e-11	1.3633e-07	1.3094e-15	1.7992e-12	VISIBLE
0.05	0.1732	0.1	0.01	0.75	21.02204	1.8660e-11	1.3633e-07	1.2022e-14	1.9595e-13	VISIBLE
0.05	0.1732	0.1	0.1	0.75	21.02204	1.8660e-11	1.3633e-07	1.2022e-14	1.7992e-12	VISIBLE
0.08	0.05	0.01	0.01	0.75	21.02204	5.1739e-10	1.8660e-11	1.7705e-14	1.3094e-15	VISIBLE
0.08	0.05	0.01	0.1	0.75	21.02204	5.1739e-10	1.8660e-11	1.7705e-14	1.2022e-14	VISIBLE
0.08	0.05	0.1	0.01	0.75	21.02204	5.1739e-10	1.8660e-11	1.6256e-13	1.3094e-15	VISIBLE
0.08	0.05	0.1	0.1	0.75	21.02204	5.1739e-10	1.8660e-11	1.6256e-13	1.2022e-14	VISIBLE
0.08	0.08	0.01	0.01	0.75	21.02204	5.1739e-10	5.1739e-10	1.7705e-14	1.7705e-14	VISIBLE
0.08	0.08	0.01	0.1	0.75	21.02204	5.1739e-10	5.1739e-10	1.7705e-14	1.6256e-13	VISIBLE
0.08	0.08	0.1	0.01	0.75	21.02204	5.1739e-10	5.1739e-10	1.6256e-13	1.7705e-14	VISIBLE
0.08	0.08	0.1	0.1	0.75	21.02204	5.1739e-10	5.1739e-10	1.6256e-13	1.6256e-13	VISIBLE
0.08	0.12	0.01	0.01	0.75	21.02204	5.1739e-10	9.4247e-09	1.7705e-14	9.4995e-14	VISIBLE
0.08	0.12	0.01	0.1	0.75	21.02204	5.1739e-10	9.4247e-09	1.7705e-14	8.7222e-13	VISIBLE
0.08	0.12	0.1	0.01	0.75	21.02204	5.1739e-10	9.4247e-09	1.6256e-13	9.4995e-14	VISIBLE
0.08	0.12	0.1	0.1	0.75	21.02204	5.1739e-10	9.4247e-09	1.6256e-13	8.7222e-13	VISIBLE
0.08	0.1732	0.01	0.01	0.75	21.02204	5.1739e-10	1.3633e-07	1.7705e-14	1.9595e-13	VISIBLE
0.08	0.1732	0.01	0.1	0.75	21.02204	5.1739e-10	1.3633e-07	1.7705e-14	1.7992e-12	VISIBLE
0.08	0.1732	0.1	0.01	0.75	21.02204	5.1739e-10	1.3633e-07	1.6256e-13	1.9595e-13	VISIBLE
0.08	0.1732	0.1	0.1	0.75	21.02204	5.1739e-10	1.3633e-07	1.6256e-13	1.7992e-12	VISIBLE
0.12	0.05	0.01	0.01	0.75	21.02204	9.4247e-09	1.8660e-11	9.4995e-14	1.3094e-15	VISIBLE
0.12	0.05	0.01	0.1	0.75	21.02204	9.4247e-09	1.8660e-11	9.4995e-14	1.2022e-14	VISIBLE
0.12	0.05	0.1	0.01	0.75	21.02204	9.4247e-09	1.8660e-11	8.7222e-13	1.3094e-15	VISIBLE
0.12	0.05	0.1	0.1	0.75	21.02204	9.4247e-09	1.8660e-11	8.7222e-13	1.2022e-14	VISIBLE
0.12	0.08	0.01	0.01	0.75	21.02204	9.4247e-09	5.1739e-10	9.4995e-14	1.7705e-14	VISIBLE
0.12	0.08	0.01	0.1	0.75	21.02204	9.4247e-09	5.1739e-10	9.4995e-14	1.6256e-13	VISIBLE
0.12	0.08	0.1	0.01	0.75	21.02204	9.4247e-09	5.1739e-10	8.7222e-13	1.7705e-14	VISIBLE
0.12	0.08	0.1	0.1	0.75	21.02204	9.4247e-09	5.1739e-10	8.7222e-13	1.6256e-13	VISIBLE
0.12	0.12	0.01	0.01	0.75	21.02204	9.4247e-09	9.4247e-09	9.4995e-14	9.4995e-14	VISIBLE
0.12	0.12	0.01	0.1	0.75	21.02204	9.4247e-09	9.4247e-09	9.4995e-14	8.7222e-13	VISIBLE
0.12	0.12	0.1	0.01	0.75	21.02204	9.4247e-09	9.4247e-09	8.7222e-13	9.4995e-14	VISIBLE
0.12	0.12	0.1	0.1	0.75	21.02204	9.4247e-09	9.4247e-09	8.7222e-13	8.7222e-13	VISIBLE
0.12	0.1732	0.01	0.01	0.75	21.02204	9.4247e-09	1.3633e-07	9.4995e-14	1.9595e-13	VISIBLE
0.12	0.1732	0.01	0.1	0.75	21.02204	9.4247e-09	1.3633e-07	9.4995e-14	1.7992e-12	VISIBLE
0.12	0.1732	0.1	0.01	0.75	21.02204	9.4247e-09	1.3633e-07	8.7222e-13	1.9595e-13	VISIBLE
0.12	0.1732	0.1	0.1	0.75	21.02204	9.4247e-09	1.3633e-07	8.7222e-13	1.7992e-12	VISIBLE
0.1732	0.05	0.01	0.01	0.75	21.02204	1.3633e-07	1.8660e-11	1.9595e-13	1.3094e-15	TESTED
0.1732	0.05	0.01	0.1	0.75	21.02204	1.3633e-07	1.8660e-11	1.9595e-13	1.2022e-14	TESTED
0.1732	0.05	0.1	0.01	0.75	21.02204	1.3633e-07	1.8660e-11	1.7992e-12	1.3094e-15	VISIBLE
0.1732	0.05	0.1	0.1	0.75	21.02204	1.3633e-07	1.8660e-11	1.7992e-12	1.2022e-14	VISIBLE
0.1732	0.08	0.01	0.01	0.75	21.02204	1.3633e-07	5.1739e-10	1.9595e-13	1.7705e-14	VISIBLE
0.1732	0.08	0.01	0.1	0.75	21.02204	1.3633e-07	5.1739e-10	1.9595e-13	1.6256e-13	VISIBLE
0.1732	0.08	0.1	0.01	0.75	21.02204	1.3633e-07	5.1739e-10	1.7992e-12	1.7705e-14	VISIBLE
0.1732	0.08	0.1	0.1	0.75	21.02204	1.3633e-07	5.1739e-10	1.7992e-12	1.6256e-13	VISIBLE
0.1732	0.12	0.01	0.01	0.75	21.02204	1.3633e-07	9.4247e-09	1.9595e-13	9.4995e-14	VISIBLE
0.1732	0.12	0.01	0.1	0.75	21.02204	1.3633e-07	9.4247e-09	1.9595e-13	8.7222e-13	VISIBLE
0.1732	0.12	0.1	0.01	0.75	21.02204	1.3633e-07	9.4247e-09	1.7992e-12	9.4995e-14	VISIBLE
0.1732	0.12	0.1	0.1	0.75	21.02204	1.3633e-07	9.4247e-09	1.7992e-12	8.7222e-13	VISIBLE
0.1732	0.1732	0.01	0.01	0.75	21.02204	1.3633e-07	1.3633e-07	1.9595e-13	1.9595e-13	VISIBLE
0.1732	0.1732	0.01	0.1	0.75	21.02204	1.3633e-07	1.3633e-07	1.9595e-13	1.7992e-12	VISIBLE
0.1732	0.1732	0.1	0.01	0.75	21.02204	1.3633e-07	1.3633e-07	1.7992e-12	1.9595e-13	VISIBLE
0.1732	0.1732	0.1	0.1	0.75	21.02204	1.3633e-07	1.3633e-07	1.7992e-12	1.7992e-12	VISIBLE
0.02	0.02	0.01	0.01	0.75	21.02204	3.0040e-14	3.0040e-14	3.5865e-18	3.5865e-18	EXCLUDED
0.02	0.02	0.01	0.1	0.75	21.02204	3.0040e-14	3.0040e-14	3.5865e-18	3.2930e-17	EXCLUDED
0.02	0.02	0.1	0.01	0.75	21.02204	3.0040e-14	3.0040e-14	3.2930e-17	3.5865e-18	EXCLUDED
0.02	0.02	0.1	0.1	0.75	21.02204	3.0040e-14	3.0040e-14	3.2930e-17	3.2930e-17	EXCLUDED
0.05	0.02	0.01	0.01	0.75	21.02204	1.8660e-11	3.0040e-14	1.3094e-15	3.5865e-18	EXCLUDED
0.05	0.02	0.01	0.1	0.75	21.02204	1.8660e-11	3.0040e-14	1.3094e-15	3.2930e-17	EXCLUDED
0.05	0.02	0.1	0.01	0.75	21.02204	1.8660e-11	3.0040e-14	1.2022e-14	3.5865e-18	EXCLUDED
0.05	0.02	0.1	0.1	0.75	21.02204	1.8660e-11	3.0040e-14	1.2022e-14	3.2930e-17	EXCLUDED
0.08	0.02	0.01	0.01	0.75	21.02204	5.1739e-10	3.0040e-14	1.7705e-14	3.5865e-18	EXCLUDED
0.08	0.02	0.01	0.1	0.75	21.02204	5.1739e-10	3.0040e-14	1.7705e-14	3.2930e-17	EXCLUDED
0.08	0.02	0.1	0.01	0.75	21.02204	5.1739e-10	3.0040e-14	1.6256e-13	3.5865e-18	EXCLUDED
0.08	0.02	0.1	0.1	0.75	21.02204	5.1739e-10	3.0040e-14	1.6256e-13	3.2930e-17	EXCLUDED
0.12	0.02	0.01	0.01	0.75	21.02204	9.4247e-09	3.0040e-14	9.4995e-14	3.5865e-18	EXCLUDED
0.12	0.02	0.01	0.1	0.75	21.02204	9.4247e-09	3.0040e-14	9.4995e-14	3.2930e-17	EXCLUDED
0.12	0.02	0.1	0.01	0.75	21.02204	9.4247e-09	3.0040e-14	8.7222e-13	3.5865e-18	EXCLUDED
0.12	0.02	0.1	0.1	0.75	21.02204	9.4247e-09	3.0040e-14	8.7222e-13	3.2930e-17	EXCLUDED
0.1732	0.02	0.01	0.01	0.75	21.02204	1.3633e-07	3.0040e-14	1.9595e-13	3.5865e-18	EXCLUDED
0.1732	0.02	0.01	0.1	0.75	21.02204	1.3633e-07	3.0040e-14	1.9595e-13	3.2930e-17	EXCLUDED
0.1732	0.02	0.1	0.01	0.75	21.02204	1.3633e-07	3.0040e-14	1.7992e-12	3.5865e-18	EXCLUDED
0.1732	0.02	0.1	0.1	0.75	21.02204	1.3633e-07	3.0040e-14	1.7992e-12	3.2930e-17	EXCLUDED
0.05	0.05	0.01	0.01	0.6	21.02204	1.8658e-11	1.8658e-11	1.3096e-15	1.3096e-15	VISIBLE
0.05	0.05	0.01	0.1	0.6	21.02204	1.8658e-11	1.8658e-11	1.3096e-15	1.2024e-14	VISIBLE
0.05	0.05	0.1	0.01	0.6	21.02204	1.8658e-11	1.8658e-11	1.2024e-14	1.3096e-15	VISIBLE
0.05	0.05	0.1	0.1	0.6	21.02204	1.8658e-11	1.8658e-11	1.2024e-14	1.2024e-14	VISIBLE
0.05	0.08	0.01	0.01	0.6	21.02204	1.8658e-11	5.1736e-10	1.3096e-15	1.7713e-14	VISIBLE
0.05	0.08	0.01	0.1	0.6	21.02204	1.8658e-11	5.1736e-10	1.3096e-15	1.6264e-13	VISIBLE
0.05	0.08	0.1	0.01	0.6	21.02204	1.8658e-11	5.1736e-10	1.2024e-14	1.7713e-14	VISIBLE
0.05	0.08	0.1	0.1	0.6	21.02204	1.8658e-11	5.1736e-10	1.2024e-14	1.6264e-13	VISIBLE
0.05	0.12	0.01	0.01	0.6	21.02204	1.8658e-11	9.4255e-09	1.3096e-15	9.5091e-14	VISIBLE
0.05	0.12	0.01	0.1	0.6	21.02204	1.8658e-11	9.4255e-09	1.3096e-15	8.7310e-13	VISIBLE
0.05	0.12	0.1	0.01	0.6	21.02204	1.8658e-11	9.4255e-09	1.2024e-14	9.5091e-14	VISIBLE
0.05	0.12	0.1	0.1	0.6	21.02204	1.8658e-11	9.4255e-09	1.2024e-14	8.7310e-13	VISIBLE
0.05	0.1732	0.01	0.01	0.6	21.02204	1.8658e-11	1.3641e-07	1.3096e-15	1.9637e-13	VISIBLE
0.05	0.1732	0.01	0.1	0.6	21.02204	1.8658e-11	1.3641e-07	1.3096e-15	1.8030e-12	VISIBLE
0.05	0.1732	0.1	0.01	0.6	21.02204	1.8658e-11	1.3641e-07	1.2024e-14	1.9637e-13	VISIBLE
0.05	0.1732	0.1	0.1	0.6	21.02204	1.8658e-11	1.3641e-07	1.2024e-14	1.8030e-12	VISIBLE
0.08	0.05	0.01	0.01	0.6	21.02204	5.1736e-10	1.8658e-11	1.7713e-14	1.3096e-15	VISIBLE
0.08	0.05	0.01	0.1	0.6	21.02204	5.1736e-10	1.8658e-11	1.7713e-14	1.2024e-14	VISIBLE
0.08	0.05	0.1	0.01	0.6	21.02204	5.1736e-10	1.8658e-11	1.6264e-13	1.3096e-15	VISIBLE
0.08	0.05	0.1	0.1	0.6	21.02204	5.1736e-10	1.8658e-11	1.6264e-13	1.2024e-14	VISIBLE
0.08	0.08	0.01	0.01	0.6	21.02204	5.1736e-10	5.1736e-10	1.7713e-14	1.7713e-14	VISIBLE
0.08	0.08	0.01	0.1	0.6	21.02204	5.1736e-10	5.1736e-10	1.7713e-14	1.6264e-13	VISIBLE
0.08	0.08	0.1	0.01	0.6	21.02204	5.1736e-10	5.1736e-10	1.6264e-13	1.7713e-14	VISIBLE
0.08	0.08	0.1	0.1	0.6	21.02204	5.1736e-10	5.1736e-10	1.6264e-13	1.6264e-13	VISIBLE
0.08	0.12	0.01	0.01	0.6	21.02204	5.1736e-10	9.4255e-09	1.7713e-14	9.5091e-14	VISIBLE
0.08	0.12	0.01	0.1	0.6	21.02204	5.1736e-10	9.4255e-09	1.7713e-14	8.7310e-13	VISIBLE
0.08	0.12	0.1	0.01	0.6	21.02204	5.1736e-10	9.4255e-09	1.6264e-13	9.5091e-14	VISIBLE
0.08	0.12	0.1	0.1	0.6	21.02204	5.1736e-10	9.4255e-09	1.6264e-13	8.7310e-13	VISIBLE
0.08	0.1732	0.01	0.01	0.6	21.02204	5.1736e-10	1.3641e-07	1.7713e-14	1.9637e-13	VISIBLE
0.08	0.1732	0.01	0.1	0.6	21.02204	5.1736e-10	1.3641e-07	1.7713e-14	1.8030e-12	VISIBLE
0.08	0.1732	0.1	0.01	0.6	21.02204	5.1736e-10	1.3641e-07	1.6264e-13	1.9637e-13	VISIBLE
0.08	0.1732	0.1	0.1	0.6	21.02204	5.1736e-10	1.3641e-07	1.6264e-13	1.8030e-12	VISIBLE
0.12	0.05	0.01	0.01	0.6	21.02204	9.4255e-09	1.8658e-11	9.5091e-14	1.3096e-15	VISIBLE
0.12	0.05	0.01	0.1	0.6	21.02204	9.4255e-09	1.8658e-11	9.5091e-14	1.2024e-14	VISIBLE
0.12	0.05	0.1	0.01	0.6	21.02204	9.4255e-09	1.8658e-11	8.7310e-13	1.3096e-15	VISIBLE
0.12	0.05	0.1	0.1	0.6	21.02204	9.4255e-09	1.8658e-11	8.7310e-13	1.2024e-14	VISIBLE
0.12	0.08	0.01	0.01	0.6	21.02204	9.4255e-09	5.1736e-10	9.5091e-14	1.7713e-14	VISIBLE
0.12	0.08	0.01	0.1	0.6	21.02204	9.4255e-09	5.1736e-10	9.5091e-14	1.6264e-13	VISIBLE
0.12	0.08	0.1	0.01	0.6	21.02204	9.4255e-09	5.1736e-10	8.7310e-13	1.7713e-14	VISIBLE
0.12	0.08	0.1	0.1	0.6	21.02204	9.4255e-09	5.1736e-10	8.7310e-13	1.6264e-13	VISIBLE
0.12	0.12	0.01	0.01	0.6	21.02204	9.4255e-09	9.4255e-09	9.5091e-14	9.5091e-14	VISIBLE
0.12	0.12	0.01	0.1	0.6	21.02204	9.4255e-09	9.4255e-09	9.5091e-14	8.7310e-13	VISIBLE
0.12	0.12	0.1	0.01	0.6	21.02204	9.4255e-09	9.4255e-09	8.7310e-13	9.5091e-14	VISIBLE
0.12	0.12	0.1	0.1	0.6	21.02204	9.4255e-09	9.4255e-09	8.7310e-13	8.7310e-13	VISIBLE
0.12	0.1732	0.01	0.01	0.6	21.02204	9.4255e-09	1.3641e-07	9.5091e-14	1.9637e-13	VISIBLE
0.12	0.1732	0.01	0.1	0.6	21.02204	9.4255e-09	1.3641e-07	9.5091e-14	1.8030e-12	VISIBLE
0.12	0.1732	0.1	0.01	0.6	21.02204	9.4255e-09	1.3641e-07	8.7310e-13	1.9637e-13	VISIBLE
0.12	0.1732	0.1	0.1	0.6	21.02204	9.4255e-09	1.3641e-07	8.7310e-13	1.8030e-12	VISIBLE
0.1732	0.05	0.01	0.01	0.6	21.02204	1.3641e-07	1.8658e-11	1.9637e-13	1.3096e-15	TESTED
0.1732	0.05	0.01	0.1	0.6	21.02204	1.3641e-07	1.8658e-11	1.9637e-13	1.2024e-14	VISIBLE
0.1732	0.05	0.1	0.01	0.6	21.02204	1.3641e-07	1.8658e-11	1.8030e-12	1.3096e-15	VISIBLE
0.1732	0.05	0.1	0.1	0.6	21.02204	1.3641e-07	1.8658e-11	1.8030e-12	1.2024e-14	VISIBLE
0.1732	0.08	0.01	0.01	0.6	21.02204	1.3641e-07	5.1736e-10	1.9637e-13	1.7713e-14	VISIBLE
0.1732	0.08	0.01	0.1	0.6	21.02204	1.3641e-07	5.1736e-10	1.9637e-13	1.6264e-13	VISIBLE
0.1732	0.08	0.1	0.01	0.6	21.02204	1.3641e-07	5.1736e-10	1.8030e-12	1.7713e-14	VISIBLE
0.1732	0.08	0.1	0.1	0.6	21.02204	1.3641e-07	5.1736e-10	1.8030e-12	1.6264e-13	VISIBLE
0.1732	0.12	0.01	0.01	0.6	21.02204	1.3641e-07	9.4255e-09	1.9637e-13	9.5091e-14	VISIBLE
0.1732	0.12	0.01	0.1	0.6	21.02204	1.3641e-07	9.4255e-09	1.9637e-13	8.7310e-13	VISIBLE
0.1732	0.12	0.1	0.01	0.6	21.02204	1.3641e-07	9.4255e-09	1.8030e-12	9.5091e-14	VISIBLE
0.1732	0.12	0.1	0.1	0.6	21.02204	1.3641e-07	9.4255e-09	1.8030e-12	8.7310e-13	VISIBLE
0.1732	0.1732	0.01	0.01	0.6	21.02204	1.3641e-07	1.3641e-07	1.9637e-13	1.9637e-13	VISIBLE
0.1732	0.1732	0.01	0.1	0.6	21.02204	1.3641e-07	1.3641e-07	1.9637e-13	1.8030e-12	VISIBLE
0.1732	0.1732	0.1	0.01	0.6	21.02204	1.3641e-07	1.3641e-07	1.8030e-12	1.9637e-13	VISIBLE
0.1732	0.1732	0.1	0.1	0.6	21.02204	1.3641e-07	1.3641e-07	1.8030e-12	1.8030e-12	VISIBLE
0.02	0.02	0.01	0.01	0.6	21.02204	3.0036e-14	3.0036e-14	3.5863e-18	3.5863e-18	EXCLUDED
0.02	0.02	0.01	0.1	0.6	21.02204	3.0036e-14	3.0036e-14	3.5863e-18	3.2929e-17	EXCLUDED
0.02	0.02	0.1	0.01	0.6	21.02204	3.0036e-14	3.0036e-14	3.2929e-17	3.5863e-18	EXCLUDED
0.02	0.02	0.1	0.1	0.6	21.02204	3.0036e-14	3.0036e-14	3.2929e-17	3.2929e-17	EXCLUDED
0.05	0.02	0.01	0.01	0.6	21.02204	1.8658e-11	3.0036e-14	1.3096e-15	3.5863e-18	EXCLUDED
0.05	0.02	0.01	0.1	0.6	21.02204	1.8658e-11	3.0036e-14	1.3096e-15	3.2929e-17	EXCLUDED
0.05	0.02	0.1	0.01	0.6	21.02204	1.8658e-11	3.0036e-14	1.2024e-14	3.5863e-18	EXCLUDED
0.05	0.02	0.1	0.1	0.6	21.02204	1.8658e-11	3.0036e-14	1.2024e-14	3.2929e-17	EXCLUDED
0.08	0.02	0.01	0.01	0.6	21.02204	5.1736e-10	3.0036e-14	1.7713e-14	3.5863e-18	EXCLUDED
0.08	0.02	0.01	0.1	0.6	21.02204	5.1736e-10	3.0036e-14	1.7713e-14	3.2929e-17	EXCLUDED
0.08	0.02	0.1	0.01	0.6	21.02204	5.1736e-10	3.0036e-14	1.6264e-13	3.5863e-18	EXCLUDED
0.08	0.02	0.1	0.1	0.6	21.02204	5.1736e-10	3.0036e-14	1.6264e-13	3.2929e-17	EXCLUDED
0.12	0.02	0.01	0.01	0.6	21.02204	9.4255e-09	3.0036e-14	9.5091e-14	3.5863e-18	EXCLUDED
0.12	0.02	0.01	0.1	0.6	21.02204	9.4255e-09	3.0036e-14	9.5091e-14	3.2929e-17	EXCLUDED
0.12	0.02	0.1	0.01	0.6	21.02204	9.4255e-09	3.0036e-14	8.7310e-13	3.5863e-18	EXCLUDED
0.12	0.02	0.1	0.1	0.6	21.02204	9.4255e-09	3.0036e-14	8.7310e-13	3.2929e-17	EXCLUDED
0.1732	0.02	0.01	0.01	0.6	21.02204	1.3641e-07	3.0036e-14	1.9637e-13	3.5863e-18	EXCLUDED
0.1732	0.02	0.01	0.1	0.6	21.02204	1.3641e-07	3.0036e-14	1.9637e-13	3.2929e-17	EXCLUDED
0.1732	0.02	0.1	0.01	0.6	21.02204	1.3641e-07	3.0036e-14	1.8030e-12	3.5863e-18	EXCLUDED
0.1732	0.02	0.1	0.1	0.6	21.02204	1.3641e-07	3.0036e-14	1.8030e-12	3.2929e-17	EXCLUDED
0.05	0.05	0.01	0.01	0.55	21.02204	1.8658e-11	1.8658e-11	1.3096e-15	1.3096e-15	VISIBLE
0.05	0.05	0.01	0.1	0.55	21.02204	1.8658e-11	1.8658e-11	1.3096e-15	1.2025e-14	VISIBLE
0.05	0.05	0.1	0.01	0.55	21.02204	1.8658e-11	1.8658e-11	1.2025e-14	1.3096e-15	VISIBLE
0.05	0.05	0.1	0.1	0.55	21.02204	1.8658e-11	1.8658e-11	1.2025e-14	1.2025e-14	VISIBLE
0.05	0.08	0.01	0.01	0.55	21.02204	1.8658e-11	5.1736e-10	1.3096e-15	1.7715e-14	VISIBLE
0.05	0.08	0.01	0.1	0.55	21.02204	1.8658e-11	5.1736e-10	1.3096e-15	1.6266e-13	VISIBLE
0.05	0.08	0.1	0.01	0.55	21.02204	1.8658e-11	5.1736e-10	1.2025e-14	1.7715e-14	VISIBLE
0.05	0.08	0.1	0.1	0.55	21.02204	1.8658e-11	5.1736e-10	1.2025e-14	1.6266e-13	VISIBLE
0.05	0.12	0.01	0.01	0.55	21.02204	1.8658e-11	9.4259e-09	1.3096e-15	9.5120e-14	VISIBLE
0.05	0.12	0.01	0.1	0.55	21.02204	1.8658e-11	9.4259e-09	1.3096e-15	8.7337e-13	VISIBLE
0.05	0.12	0.1	0.01	0.55	21.02204	1.8658e-11	9.4259e-09	1.2025e-14	9.5120e-14	VISIBLE
0.05	0.12	0.1	0.1	0.55	21.02204	1.8658e-11	9.4259e-09	1.2025e-14	8.7337e-13	VISIBLE
0.05	0.1732	0.01	0.01	0.55	21.02204	1.8658e-11	1.3644e-07	1.3096e-15	1.9649e-13	VISIBLE
0.05	0.1732	0.01	0.1	0.55	21.02204	1.8658e-11	1.3644e-07	1.3096e-15	1.8041e-12	VISIBLE
0.05	0.1732	0.1	0.01	0.55	21.02204	1.8658e-11	1.3644e-07	1.2025e-14	1.9649e-13	VISIBLE
0.05	0.1732	0.1	0.1	0.55	21.02204	1.8658e-11	1.3644e-07	1.2025e-14	1.8041e-12	VISIBLE
0.08	0.05	0.01	0.01	0.55	21.02204	5.1736e-10	1.8658e-11	1.7715e-14	1.3096e-15	VISIBLE
0.08	0.05	0.01	0.1	0.55	21.02204	5.1736e-10	1.8658e-11	1.7715e-14	1.2025e-14	VISIBLE
0.08	0.05	0.1	0.01	0.55	21.02204	5.1736e-10	1.8658e-11	1.6266e-13	1.3096e-15	VISIBLE
0.08	0.05	0.1	0.1	0.55	21.02204	5.1736e-10	1.8658e-11	1.6266e-13	1.2025e-14	VISIBLE
0.08	0.08	0.01	0.01	0.55	21.02204	5.1736e-10	5.1736e-10	1.7715e-14	1.7715e-14	VISIBLE
0.08	0.08	0.01	0.1	0.55	21.02204	5.1736e-10	5.1736e-10	1.7715e-14	1.6266e-13	VISIBLE
0.08	0.08	0.1	0.01	0.55	21.02204	5.1736e-10	5.1736e-10	1.6266e-13	1.7715e-14	VISIBLE
0.08	0.08	0.1	0.1	0.55	21.02204	5.1736e-10	5.1736e-10	1.6266e-13	1.6266e-13	VISIBLE
0.08	0.12	0.01	0.01	0.55	21.02204	5.1736e-10	9.4259e-09	1.7715e-14	9.5120e-14	VISIBLE
0.08	0.12	0.01	0.1	0.55	21.02204	5.1736e-10	9.4259e-09	1.7715e-14	8.7337e-13	VISIBLE
0.08	0.12	0.1	0.01	0.55	21.02204	5.1736e-10	9.4259e-09	1.6266e-13	9.5120e-14	VISIBLE
0.08	0.12	0.1	0.1	0.55	21.02204	5.1736e-10	9.4259e-09	1.6266e-13	8.7337e-13	VISIBLE
0.08	0.1732	0.01	0.01	0.55	21.02204	5.1736e-10	1.3644e-07	1.7715e-14	1.9649e-13	VISIBLE
0.08	0.1732	0.01	0.1	0.55	21.02204	5.1736e-10	1.3644e-07	1.7715e-14	1.8041e-12	VISIBLE
0.08	0.1732	0.1	0.01	0.55	21.02204	5.1736e-10	1.3644e-07	1.6266e-13	1.9649e-13	VISIBLE
0.08	0.1732	0.1	0.1	0.55	21.02204	5.1736e-10	1.3644e-07	1.6266e-13	1.8041e-12	VISIBLE
0.12	0.05	0.01	0.01	0.55	21.02204	9.4259e-09	1.8658e-11	9.5120e-14	1.3096e-15	VISIBLE
0.12	0.05	0.01	0.1	0.55	21.02204	9.4259e-09	1.8658e-11	9.5120e-14	1.2025e-14	VISIBLE
0.12	0.05	0.1	0.01	0.55	21.02204	9.4259e-09	1.8658e-11	8.7337e-13	1.3096e-15	VISIBLE
0.12	0.05	0.1	0.1	0.55	21.02204	9.4259e-09	1.8658e-11	8.7337e-13	1.2025e-14	VISIBLE
0.12	0.08	0.01	0.01	0.55	21.02204	9.4259e-09	5.1736e-10	9.5120e-14	1.7715e-14	VISIBLE
0.12	0.08	0.01	0.1	0.55	21.02204	9.4259e-09	5.1736e-10	9.5120e-14	1.6266e-13	VISIBLE
0.12	0.08	0.1	0.01	0.55	21.02204	9.4259e-09	5.1736e-10	8.7337e-13	1.7715e-14	VISIBLE
0.12	0.08	0.1	0.1	0.55	21.02204	9.4259e-09	5.1736e-10	8.7337e-13	1.6266e-13	VISIBLE
0.12	0.12	0.01	0.01	0.55	21.02204	9.4259e-09	9.4259e-09	9.5120e-14	9.5120e-14	VISIBLE
0.12	0.12	0.01	0.1	0.55	21.02204	9.4259e-09	9.4259e-09	9.5120e-14	8.7337e-13	VISIBLE
0.12	0.12	0.1	0.01	0.55	21.02204	9.4259e-09	9.4259e-09	8.7337e-13	9.5120e-14	VISIBLE
0.12	0.12	0.1	0.1	0.55	21.02204	9.4259e-09	9.4259e-09	8.7337e-13	8.7337e-13	VISIBLE
0.12	0.1732	0.01	0.01	0.55	21.02204	9.4259e-09	1.3644e-07	9.5120e-14	1.9649e-13	VISIBLE
0.12	0.1732	0.01	0.1	0.55	21.02204	9.4259e-09	1.3644e-07	9.5120e-14	1.8041e-12	VISIBLE
0.12	0.1732	0.1	0.01	0.55	21.02204	9.4259e-09	1.3644e-07	8.7337e-13	1.9649e-13	VISIBLE
0.12	0.1732	0.1	0.1	0.55	21.02204	9.4259e-09	1.3644e-07	8.7337e-13	1.8041e-12	VISIBLE
0.1732	0.05	0.01	0.01	0.55	21.02204	1.3644e-07	1.8658e-11	1.9649e-13	1.3096e-15	TESTED
0.1732	0.05	0.01	0.1	0.55	21.02204	1.3644e-07	1.8658e-11	1.9649e-13	1.2025e-14	VISIBLE
0.1732	0.05	0.1	0.01	0.55	21.02204	1.3644e-07	1.8658e-11	1.8041e-12	1.3096e-15	VISIBLE
0.1732	0.05	0.1	0.1	0.55	21.02204	1.3644e-07	1.8658e-11	1.8041e-12	1.2025e-14	VISIBLE
0.1732	0.08	0.01	0.01	0.55	21.02204	1.3644e-07	5.1736e-10	1.9649e-13	1.7715e-14	VISIBLE
0.1732	0.08	0.01	0.1	0.55	21.02204	1.3644e-07	5.1736e-10	1.9649e-13	1.6266e-13	VISIBLE
0.1732	0.08	0.1	0.01	0.55	21.02204	1.3644e-07	5.1736e-10	1.8041e-12	1.7715e-14	VISIBLE
0.1732	0.08	0.1	0.1	0.55	21.02204	1.3644e-07	5.1736e-10	1.8041e-12	1.6266e-13	VISIBLE
0.1732	0.12	0.01	0.01	0.55	21.02204	1.3644e-07	9.4259e-09	1.9649e-13	9.5120e-14	VISIBLE
0.1732	0.12	0.01	0.1	0.55	21.02204	1.3644e-07	9.4259e-09	1.9649e-13	8.7337e-13	VISIBLE
0.1732	0.12	0.1	0.01	0.55	21.02204	1.3644e-07	9.4259e-09	1.8041e-12	9.5120e-14	VISIBLE
0.1732	0.12	0.1	0.1	0.55	21.02204	1.3644e-07	9.4259e-09	1.8041e-12	8.7337e-13	VISIBLE
0.1732	0.1732	0.01	0.01	0.55	21.02204	1.3644e-07	1.3644e-07	1.9649e-13	1.9649e-13	VISIBLE
0.1732	0.1732	0.01	0.1	0.55	21.02204	1.3644e-07	1.3644e-07	1.9649e-13	1.8041e-12	VISIBLE
0.1732	0.1732	0.1	0.01	0.55	21.02204	1.3644e-07	1.3644e-07	1.8041e-12	1.9649e-13	VISIBLE
0.1732	0.1732	0.1	0.1	0.55	21.02204	1.3644e-07	1.3644e-07	1.8041e-12	1.8041e-12	VISIBLE
0.02	0.02	0.01	0.01	0.55	21.02204	3.0036e-14	3.0036e-14	3.5863e-18	3.5863e-18	EXCLUDED
0.02	0.02	0.01	0.1	0.55	21.02204	3.0036e-14	3.0036e-14	3.5863e-18	3.2929e-17	EXCLUDED
0.02	0.02	0.1	0.01	0.55	21.02204	3.0036e-14	3.0036e-14	3.2929e-17	3.5863e-18	EXCLUDED
0.02	0.02	0.1	0.1	0.55	21.02204	3.0036e-14	3.0036e-14	3.2929e-17	3.2929e-17	EXCLUDED
0.05	0.02	0.01	0.01	0.55	21.02204	1.8658e-11	3.0036e-14	1.3096e-15	3.5863e-18	EXCLUDED
0.05	0.02	0.01	0.1	0.55	21.02204	1.8658e-11	3.0036e-14	1.3096e-15	3.2929e-17	EXCLUDED
0.05	0.02	0.1	0.01	0.55	21.02204	1.8658e-11	3.0036e-14	1.2025e-14	3.5863e-18	EXCLUDED
0.05	0.02	0.1	0.1	0.55	21.02204	1.8658e-11	3.0036e-14	1.2025e-14	3.2929e-17	EXCLUDED
0.08	0.02	0.01	0.01	0.55	21.02204	5.1736e-10	3.0036e-14	1.7715e-14	3.5863e-18	EXCLUDED
0.08	0.02	0.01	0.1	0.55	21.02204	5.1736e-10	3.0036e-14	1.7715e-14	3.2929e-17	EXCLUDED
0.08	0.02	0.1	0.01	0.55	21.02204	5.1736e-10	3.0036e-14	1.6266e-13	3.5863e-18	EXCLUDED
0.08	0.02	0.1	0.1	0.55	21.02204	5.1736e-10	3.0036e-14	1.6266e-13	3.2929e-17	EXCLUDED
0.12	0.02	0.01	0.01	0.55	21.02204	9.4259e-09	3.0036e-14	9.5120e-14	3.5863e-18	EXCLUDED
0.12	0.02	0.01	0.1	0.55	21.02204	9.4259e-09	3.0036e-14	9.5120e-14	3.2929e-17	EXCLUDED
0.12	0.02	0.1	0.01	0.55	21.02204	9.4259e-09	3.0036e-14	8.7337e-13	3.5863e-18	EXCLUDED
0.12	0.02	0.1	0.1	0.55	21.02204	9.4259e-09	3.0036e-14	8.7337e-13	3.2929e-17	EXCLUDED
0.1732	0.02	0.01	0.01	0.55	21.02204	1.3644e-07	3.0036e-14	1.9649e-13	3.5863e-18	EXCLUDED
0.1732	0.02	0.01	0.1	0.55	21.02204	1.3644e-07	3.0036e-14	1.9649e-13	3.2929e-17	EXCLUDED
0.1732	0.02	0.1	0.01	0.55	21.02204	1.3644e-07	3.0036e-14	1.8041e-12	3.5863e-18	EXCLUDED
0.1732	0.02	0.1	0.1	0.55	21.02204	1.3644e-07	3.0036e-14	1.8041e-12	3.2929e-17	EXCLUDED
0.05	0.05	0.01	0.01	0.99	25.010858	2.6648e-11	2.6648e-11	1.5270e-15	1.5270e-15	VISIBLE
0.05	0.05	0.01	0.1	0.99	25.010858	2.6648e-11	2.6648e-11	1.5270e-15	1.4021e-14	VISIBLE
0.05	0.05	0.1	0.01	0.99	25.010858	2.6648e-11	2.6648e-11	1.4021e-14	1.5270e-15	VISIBLE
0.05	0.05	0.1	0.1	0.99	25.010858	2.6648e-11	2.6648e-11	1.4021e-14	1.4021e-14	VISIBLE
0.05	0.08	0.01	0.01	0.99	25.010858	2.6648e-11	7.4853e-10	1.5270e-15	1.6706e-14	VISIBLE
0.05	0.08	0.01	0.1	0.99	25.010858	2.6648e-11	7.4853e-10	1.5270e-15	1.5339e-13	VISIBLE
0.05	0.08	0.1	0.01	0.99	25.010858	2.6648e-11	7.4853e-10	1.4021e-14	1.6706e-14	VISIBLE
0.05	0.08	0.1	0.1	0.99	25.010858	2.6648e-11	7.4853e-10	1.4021e-14	1.5339e-13	VISIBLE
0.05	0.12	0.01	0.01	0.99	25.010858	2.6648e-11	1.3942e-08	1.5270e-15	6.3305e-14	VISIBLE
0.05	0.12	0.01	0.1	0.99	25.010858	2.6648e-11	1.3942e-08	1.5270e-15	5.8126e-13	VISIBLE
0.05	0.12	0.1	0.01	0.99	25.010858	2.6648e-11	1.3942e-08	1.4021e-14	6.3305e-14	VISIBLE
0.05	0.12	0.1	0.1	0.99	25.010858	2.6648e-11	1.3942e-08	1.4021e-14	5.8126e-13	VISIBLE
0.05	0.1732	0.01	0.01	0.99	25.010858	2.6648e-11	2.0064e-07	1.5270e-15	7.8331e-14	VISIBLE
0.05	0.1732	0.01	0.1	0.99	25.010858	2.6648e-11	2.0064e-07	1.5270e-15	7.1922e-13	VISIBLE
0.05	0.1732	0.1	0.01	0.99	25.010858	2.6648e-11	2.0064e-07	1.4021e-14	7.8331e-14	VISIBLE
0.05	0.1732	0.1	0.1	0.99	25.010858	2.6648e-11	2.0064e-07	1.4021e-14	7.1922e-13	VISIBLE
0.08	0.05	0.01	0.01	0.99	25.010858	7.4853e-10	2.6648e-11	1.6706e-14	1.5270e-15	VISIBLE
0.08	0.05	0.01	0.1	0.99	25.010858	7.4853e-10	2.6648e-11	1.6706e-14	1.4021e-14	VISIBLE
0.08	0.05	0.1	0.01	0.99	25.010858	7.4853e-10	2.6648e-11	1.5339e-13	1.5270e-15	VISIBLE
0.08	0.05	0.1	0.1	0.99	25.010858	7.4853e-10	2.6648e-11	1.5339e-13	1.4021e-14	VISIBLE
0.08	0.08	0.01	0.01	0.99	25.010858	7.4853e-10	7.4853e-10	1.6706e-14	1.6706e-14	VISIBLE
0.08	0.08	0.01	0.1	0.99	25.010858	7.4853e-10	7.4853e-10	1.6706e-14	1.5339e-13	VISIBLE
0.08	0.08	0.1	0.01	0.99	25.010858	7.4853e-10	7.4853e-10	1.5339e-13	1.6706e-14	VISIBLE
0.08	0.08	0.1	0.1	0.99	25.010858	7.4853e-10	7.4853e-10	1.5339e-13	1.5339e-13	VISIBLE
0.08	0.12	0.01	0.01	0.99	25.010858	7.4853e-10	1.3942e-08	1.6706e-14	6.3305e-14	VISIBLE
0.08	0.12	0.01	0.1	0.99	25.010858	7.4853e-10	1.3942e-08	1.6706e-14	5.8126e-13	VISIBLE
0.08	0.12	0.1	0.01	0.99	25.010858	7.4853e-10	1.3942e-08	1.5339e-13	6.3305e-14	VISIBLE
0.08	0.12	0.1	0.1	0.99	25.010858	7.4853e-10	1.3942e-08	1.5339e-13	5.8126e-13	VISIBLE
0.08	0.1732	0.01	0.01	0.99	25.010858	7.4853e-10	2.0064e-07	1.6706e-14	7.8331e-14	VISIBLE
0.08	0.1732	0.01	0.1	0.99	25.010858	7.4853e-10	2.0064e-07	1.6706e-14	7.1922e-13	VISIBLE
0.08	0.1732	0.1	0.01	0.99	25.010858	7.4853e-10	2.0064e-07	1.5339e-13	7.8331e-14	VISIBLE
0.08	0.1732	0.1	0.1	0.99	25.010858	7.4853e-10	2.0064e-07	1.5339e-13	7.1922e-13	VISIBLE
0.12	0.05	0.01	0.01	0.99	25.010858	1.3942e-08	2.6648e-11	6.3305e-14	1.5270e-15	VISIBLE
0.12	0.05	0.01	0.1	0.99	25.010858	1.3942e-08	2.6648e-11	6.3305e-14	1.4021e-14	VISIBLE
0.12	0.05	0.1	0.01	0.99	25.010858	1.3942e-08	2.6648e-11	5.8126e-13	1.5270e-15	VISIBLE
0.12	0.05	0.1	0.1	0.99	25.010858	1.3942e-08	2.6648e-11	5.8126e-13	1.4021e-14	VISIBLE
0.12	0.08	0.01	0.01	0.99	25.010858	1.3942e-08	7.4853e-10	6.3305e-14	1.6706e-14	VISIBLE
0.12	0.08	0.01	0.1	0.99	25.010858	1.3942e-08	7.4853e-10	6.3305e-14	1.5339e-13	VISIBLE
0.12	0.08	0.1	0.01	0.99	25.010858	1.3942e-08	7.4853e-10	5.8126e-13	1.6706e-14	VISIBLE
0.12	0.08	0.1	0.1	0.99	25.010858	1.3942e-08	7.4853e-10	5.8126e-13	1.5339e-13	VISIBLE
0.12	0.12	0.01	0.01	0.99	25.010858	1.3942e-08	1.3942e-08	6.3305e-14	6.3305e-14	VISIBLE
0.12	0.12	0.01	0.1	0.99	25.010858	1.3942e-08	1.3942e-08	6.3305e-14	5.8126e-13	VISIBLE
0.12	0.12	0.1	0.01	0.99	25.010858	1.3942e-08	1.3942e-08	5.8126e-13	6.3305e-14	VISIBLE
0.12	0.12	0.1	0.1	0.99	25.010858	1.3942e-08	1.3942e-08	5.8126e-13	5.8126e-13	VISIBLE
0.12	0.1732	0.01	0.01	0.99	25.010858	1.3942e-08	2.0064e-07	6.3305e-14	7.8331e-14	VISIBLE
0.12	0.1732	0.01	0.1	0.99	25.010858	1.3942e-08	2.0064e-07	6.3305e-14	7.1922e-13	VISIBLE
0.12	0.1732	0.1	0.01	0.99	25.010858	1.3942e-08	2.0064e-07	5.8126e-13	7.8331e-14	VISIBLE
0.12	0.1732	0.1	0.1	0.99	25.010858	1.3942e-08	2.0064e-07	5.8126e-13	7.1922e-13	VISIBLE
0.1732	0.05	0.01	0.01	0.99	25.010858	2.0064e-07	2.6648e-11	7.8331e-14	1.5270e-15	TESTED
0.1732	0.05	0.01	0.1	0.99	25.010858	2.0064e-07	2.6648e-11	7.8331e-14	1.4021e-14	TESTED
0.1732	0.05	0.1	0.01	0.99	25.010858	2.0064e-07	2.6648e-11	7.1922e-13	1.5270e-15	TESTED
0.1732	0.05	0.1	0.1	0.99	25.010858	2.0064e-07	2.6648e-11	7.1922e-13	1.4021e-14	VISIBLE
0.1732	0.08	0.01	0.01	0.99	25.010858	2.0064e-07	7.4853e-10	7.8331e-14	1.6706e-14	VISIBLE
0.1732	0.08	0.01	0.1	0.99	25.010858	2.0064e-07	7.4853e-10	7.8331e-14	1.5339e-13	VISIBLE
0.1732	0.08	0.1	0.01	0.99	25.010858	2.0064e-07	7.4853e-10	7.1922e-13	1.6706e-14	VISIBLE
0.1732	0.08	0.1	0.1	0.99	25.010858	2.0064e-07	7.4853e-10	7.1922e-13	1.5339e-13	VISIBLE
0.1732	0.12	0.01	0.01	0.99	25.010858	2.0064e-07	1.3942e-08	7.8331e-14	6.3305e-14	VISIBLE
0.1732	0.12	0.01	0.1	0.99	25.010858	2.0064e-07	1.3942e-08	7.8331e-14	5.8126e-13	VISIBLE
0.1732	0.12	0.1	0.01	0.99	25.010858	2.0064e-07	1.3942e-08	7.1922e-13	6.3305e-14	VISIBLE
0.1732	0.12	0.1	0.1	0.99	25.010858	2.0064e-07	1.3942e-08	7.1922e-13	5.8126e-13	VISIBLE
0.1732	0.1732	0.01	0.01	0.99	25.010858	2.0064e-07	2.0064e-07	7.8331e-14	7.8331e-14	VISIBLE
0.1732	0.1732	0.01	0.1	0.99	25.010858	2.0064e-07	2.0064e-07	7.8331e-14	7.1922e-13	VISIBLE
0.1732	0.1732	0.1	0.01	0.99	25.010858	2.0064e-07	2.0064e-07	7.1922e-13	7.8331e-14	VISIBLE
0.1732	0.1732	0.1	0.1	0.99	25.010858	2.0064e-07	2.0064e-07	7.1922e-13	7.1922e-13	VISIBLE
0.02	0.02	0.01	0.01	0.99	25.010858	4.2588e-14	4.2588e-14	4.8131e-18	4.8131e-18	EXCLUDED
0.02	0.02	0.01	0.1	0.99	25.010858	4.2588e-14	4.2588e-14	4.8131e-18	4.4193e-17	EXCLUDED
0.02	0.02	0.1	0.01	0.99	25.010858	4.2588e-14	4.2588e-14	4.4193e-17	4.8131e-18	EXCLUDED
0.02	0.02	0.1	0.1	0.99	25.010858	4.2588e-14	4.2588e-14	4.4193e-17	4.4193e-17	EXCLUDED
0.05	0.02	0.01	0.01	0.99	25.010858	2.6648e-11	4.2588e-14	1.5270e-15	4.8131e-18	EXCLUDED
0.05	0.02	0.01	0.1	0.99	25.010858	2.6648e-11	4.2588e-14	1.5270e-15	4.4193e-17	EXCLUDED
0.05	0.02	0.1	0.01	0.99	25.010858	2.6648e-11	4.2588e-14	1.4021e-14	4.8131e-18	EXCLUDED
0.05	0.02	0.1	0.1	0.99	25.010858	2.6648e-11	4.2588e-14	1.4021e-14	4.4193e-17	EXCLUDED
0.08	0.02	0.01	0.01	0.99	25.010858	7.4853e-10	4.2588e-14	1.6706e-14	4.8131e-18	EXCLUDED
0.08	0.02	0.01	0.1	0.99	25.010858	7.4853e-10	4.2588e-14	1.6706e-14	4.4193e-17	EXCLUDED
0.08	0.02	0.1	0.01	0.99	25.010858	7.4853e-10	4.2588e-14	1.5339e-13	4.8131e-18	EXCLUDED
0.08	0.02	0.1	0.1	0.99	25.010858	7.4853e-10	4.2588e-14	1.5339e-13	4.4193e-17	EXCLUDED
0.12	0.02	0.01	0.01	0.99	25.010858	1.3942e-08	4.2588e-14	6.3305e-14	4.8131e-18	EXCLUDED
0.12	0.02	0.01	0.1	0.99	25.010858	1.3942e-08	4.2588e-14	6.3305e-14	4.4193e-17	EXCLUDED
0.12	0.02	0.1	0.01	0.99	25.010858	1.3942e-08	4.2588e-14	5.8126e-13	4.8131e-18	EXCLUDED
0.12	0.02	0.1	0.1	0.99	25.010858	1.3942e-08	4.2588e-14	5.8126e-13	4.4193e-17	EXCLUDED
0.1732	0.02	0.01	0.01	0.99	25.010858	2.0064e-07	4.2588e-14	7.8331e-14	4.8131e-18	EXCLUDED
0.1732	0.02	0.01	0.1	0.99	25.010858	2.0064e-07	4.2588e-14	7.8331e-14	4.4193e-17	EXCLUDED
0.1732	0.02	0.1	0.01	0.99	25.010858	2.0064e-07	4.2588e-14	7.1922e-13	4.8131e-18	EXCLUDED
0.1732	0.02	0.1	0.1	0.99	25.010858	2.0064e-07	4.2588e-14	7.1922e-13	4.4193e-17	EXCLUDED
0.05	0.05	0.01	0.01	0.9	25.010858	2.6645e-11	2.6645e-11	1.5271e-15	1.5271e-15	VISIBLE
0.05	0.05	0.01	0.1	0.9	25.010858	2.6645e-11	2.6645e-11	1.5271e-15	1.4022e-14	VISIBLE
0.05	0.05	0.1	0.01	0.9	25.010858	2.6645e-11	2.6645e-11	1.4022e-14	1.5271e-15	VISIBLE
0.05	0.05	0.1	0.1	0.9	25.010858	2.6645e-11	2.6645e-11	1.4022e-14	1.4022e-14	VISIBLE
0.05	0.08	0.01	0.01	0.9	25.010858	2.6645e-11	7.4848e-10	1.5271e-15	1.6711e-14	VISIBLE
0.05	0.08	0.01	0.1	0.9	25.010858	2.6645e-11	7.4848e-10	1.5271e-15	1.5344e-13	VISIBLE
0.05	0.08	0.1	0.01	0.9	25.010858	2.6645e-11	7.4848e-10	1.4022e-14	1.6711e-14	VISIBLE
0.05	0.08	0.1	0.1	0.9	25.010858	2.6645e-11	7.4848e-10	1.4022e-14	1.5344e-13	VISIBLE
0.05	0.12	0.01	0.01	0.9	25.010858	2.6645e-11	1.3943e-08	1.5271e-15	6.3355e-14	VISIBLE
0.05	0.12	0.01	0.1	0.9	25.010858	2.6645e-11	1.3943e-08	1.5271e-15	5.8172e-13	VISIBLE
0.05	0.12	0.1	0.01	0.9	25.010858	2.6645e-11	1.3943e-08	1.4022e-14	6.3355e-14	VISIBLE
0.05	0.12	0.1	0.1	0.9	25.010858	2.6645e-11	1.3943e-08	1.4022e-14	5.8172e-13	VISIBLE
0.05	0.1732	0.01	0.01	0.9	25.010858	2.6645e-11	2.0077e-07	1.5271e-15	7.8471e-14	VISIBLE
0.05	0.1732	0.01	0.1	0.9	25.010858	2.6645e-11	2.0077e-07	1.5271e-15	7.2051e-13	VISIBLE
0.05	0.1732	0.1	0.01	0.9	25.010858	2.6645e-11	2.0077e-07	1.4022e-14	7.8471e-14	VISIBLE
0.05	0.1732	0.1	0.1	0.9	25.010858	2.6645e-11	2.0077e-07	1.4022e-14	7.2051e-13	VISIBLE
0.08	0.05	0.01	0.01	0.9	25.010858	7.4848e-10	2.6645e-11	1.6711e-14	1.5271e-15	VISIBLE
0.08	0.05	0.01	0.1	0.9	25.010858	7.4848e-10	2.6645e-11	1.6711e-14	1.4022e-14	VISIBLE
0.08	0.05	0.1	0.01	0.9	25.010858	7.4848e-10	2.6645e-11	1.5344e-13	1.5271e-15	VISIBLE
0.08	0.05	0.1	0.1	0.9	25.010858	7.4848e-10	2.6645e-11	1.5344e-13	1.4022e-14	VISIBLE
0.08	0.08	0.01	0.01	0.9	25.010858	7.4848e-10	7.4848e-10	1.6711e-14	1.6711e-14	VISIBLE
0.08	0.08	0.01	0.1	0.9	25.010858	7.4848e-10	7.4848e-10	1.6711e-14	1.5344e-13	VISIBLE
0.08	0.08	0.1	0.01	0.9	25.010858	7.4848e-10	7.4848e-10	1.5344e-13	1.6711e-14	VISIBLE
0.08	0.08	0.1	0.1	0.9	25.010858	7.4848e-10	7.4848e-10	1.5344e-13	1.5344e-13	VISIBLE
0.08	0.12	0.01	0.01	0.9	25.010858	7.4848e-10	1.3943e-08	1.6711e-14	6.3355e-14	VISIBLE
0.08	0.12	0.01	0.1	0.9	25.010858	7.4848e-10	1.3943e-08	1.6711e-14	5.8172e-13	VISIBLE
0.08	0.12	0.1	0.01	0.9	25.010858	7.4848e-10	1.3943e-08	1.5344e-13	6.3355e-14	VISIBLE
0.08	0.12	0.1	0.1	0.9	25.010858	7.4848e-10	1.3943e-08	1.5344e-13	5.8172e-13	VISIBLE
0.08	0.1732	0.01	0.01	0.9	25.010858	7.4848e-10	2.0077e-07	1.6711e-14	7.8471e-14	VISIBLE
0.08	0.1732	0.01	0.1	0.9	25.010858	7.4848e-10	2.0077e-07	1.6711e-14	7.2051e-13	VISIBLE
0.08	0.1732	0.1	0.01	0.9	25.010858	7.4848e-10	2.0077e-07	1.5344e-13	7.8471e-14	VISIBLE
0.08	0.1732	0.1	0.1	0.9	25.010858	7.4848e-10	2.0077e-07	1.5344e-13	7.2051e-13	VISIBLE
0.12	0.05	0.01	0.01	0.9	25.010858	1.3943e-08	2.6645e-11	6.3355e-14	1.5271e-15	VISIBLE
0.12	0.05	0.01	0.1	0.9	25.010858	1.3943e-08	2.6645e-11	6.3355e-14	1.4022e-14	VISIBLE
0.12	0.05	0.1	0.01	0.9	25.010858	1.3943e-08	2.6645e-11	5.8172e-13	1.5271e-15	VISIBLE
0.12	0.05	0.1	0.1	0.9	25.010858	1.3943e-08	2.6645e-11	5.8172e-13	1.4022e-14	VISIBLE
0.12	0.08	0.01	0.01	0.9	25.010858	1.3943e-08	7.4848e-10	6.3355e-14	1.6711e-14	VISIBLE
0.12	0.08	0.01	0.1	0.9	25.010858	1.3943e-08	7.4848e-10	6.3355e-14	1.5344e-13	VISIBLE
0.12	0.08	0.1	0.01	0.9	25.010858	1.3943e-08	7.4848e-10	5.8172e-13	1.6711e-14	VISIBLE
0.12	0.08	0.1	0.1	0.9	25.010858	1.3943e-08	7.4848e-10	5.8172e-13	1.5344e-13	VISIBLE
0.12	0.12	0.01	0.01	0.9	25.010858	1.3943e-08	1.3943e-08	6.3355e-14	6.3355e-14	VISIBLE
0.12	0.12	0.01	0.1	0.9	25.010858	1.3943e-08	1.3943e-08	6.3355e-14	5.8172e-13	VISIBLE
0.12	0.12	0.1	0.01	0.9	25.010858	1.3943e-08	1.3943e-08	5.8172e-13	6.3355e-14	VISIBLE
0.12	0.12	0.1	0.1	0.9	25.010858	1.3943e-08	1.3943e-08	5.8172e-13	5.8172e-13	VISIBLE
0.12	0.1732	0.01	0.01	0.9	25.010858	1.3943e-08	2.0077e-07	6.3355e-14	7.8471e-14	VISIBLE
0.12	0.1732	0.01	0.1	0.9	25.010858	1.3943e-08	2.0077e-07	6.3355e-14	7.2051e-13	VISIBLE
0.12	0.1732	0.1	0.01	0.9	25.010858	1.3943e-08	2.0077e-07	5.8172e-13	7.8471e-14	VISIBLE
0.12	0.1732	0.1	0.1	0.9	25.010858	1.3943e-08	2.0077e-07	5.8172e-13	7.2051e-13	VISIBLE
0.1732	0.05	0.01	0.01	0.9	25.010858	2.0077e-07	2.6645e-11	7.8471e-14	1.5271e-15	TESTED
0.1732	0.05	0.01	0.1	0.9	25.010858	2.0077e-07	2.6645e-11	7.8471e-14	1.4022e-14	TESTED
0.1732	0.05	0.1	0.01	0.9	25.010858	2.0077e-07	2.6645e-11	7.2051e-13	1.5271e-15	TESTED
0.1732	0.05	0.1	0.1	0.9	25.010858	2.0077e-07	2.6645e-11	7.2051e-13	1.4022e-14	VISIBLE
0.1732	0.08	0.01	0.01	0.9	25.010858	2.0077e-07	7.4848e-10	7.8471e-14	1.6711e-14	VISIBLE
0.1732	0.08	0.01	0.1	0.9	25.010858	2.0077e-07	7.4848e-10	7.8471e-14	1.5344e-13	VISIBLE
0.1732	0.08	0.1	0.01	0.9	25.010858	2.0077e-07	7.4848e-10	7.2051e-13	1.6711e-14	VISIBLE
0.1732	0.08	0.1	0.1	0.9	25.010858	2.0077e-07	7.4848e-10	7.2051e-13	1.5344e-13	VISIBLE
0.1732	0.12	0.01	0.01	0.9	25.010858	2.0077e-07	1.3943e-08	7.8471e-14	6.3355e-14	VISIBLE
0.1732	0.12	0.01	0.1	0.9	25.010858	2.0077e-07	1.3943e-08	7.8471e-14	5.8172e-13	VISIBLE
0.1732	0.12	0.1	0.01	0.9	25.010858	2.0077e-07	1.3943e-08	7.2051e-13	6.3355e-14	VISIBLE
0.1732	0.12	0.1	0.1	0.9	25.010858	2.0077e-07	1.3943e-08	7.2051e-13	5.8172e-13	VISIBLE
0.1732	0.1732	0.01	0.01	0.9	25.010858	2.0077e-07	2.0077e-07	7.8471e-14	7.8471e-14	VISIBLE
0.1732	0.1732	0.01	0.1	0.9	25.010858	2.0077e-07	2.0077e-07	7.8471e-14	7.2051e-13	VISIBLE
0.1732	0.1732	0.1	0.01	0.9	25.010858	2.0077e-07	2.0077e-07	7.2051e-13	7.8471e-14	VISIBLE
0.1732	0.1732	0.1	0.1	0.9	25.010858	2.0077e-07	2.0077e-07	7.2051e-13	7.2051e-13	VISIBLE
0.02	0.02	0.01	0.01	0.9	25.010858	4.2583e-14	4.2583e-14	4.8127e-18	4.8127e-18	EXCLUDED
0.02	0.02	0.01	0.1	0.9	25.010858	4.2583e-14	4.2583e-14	4.8127e-18	4.4189e-17	EXCLUDED
0.02	0.02	0.1	0.01	0.9	25.010858	4.2583e-14	4.2583e-14	4.4189e-17	4.8127e-18	EXCLUDED
0.02	0.02	0.1	0.1	0.9	25.010858	4.2583e-14	4.2583e-14	4.4189e-17	4.4189e-17	EXCLUDED
0.05	0.02	0.01	0.01	0.9	25.010858	2.6645e-11	4.2583e-14	1.5271e-15	4.8127e-18	EXCLUDED
0.05	0.02	0.01	0.1	0.9	25.010858	2.6645e-11	4.2583e-14	1.5271e-15	4.4189e-17	EXCLUDED
0.05	0.02	0.1	0.01	0.9	25.010858	2.6645e-11	4.2583e-14	1.4022e-14	4.8127e-18	EXCLUDED
0.05	0.02	0.1	0.1	0.9	25.010858	2.6645e-11	4.2583e-14	1.4022e-14	4.4189e-17	EXCLUDED
0.08	0.02	0.01	0.01	0.9	25.010858	7.4848e-10	4.2583e-14	1.6711e-14	4.8127e-18	EXCLUDED
0.08	0.02	0.01	0.1	0.9	25.010858	7.4848e-10	4.2583e-14	1.6711e-14	4.4189e-17	EXCLUDED
0.08	0.02	0.1	0.01	0.9	25.010858	7.4848e-10	4.2583e-14	1.5344e-13	4.8127e-18	EXCLUDED
0.08	0.02	0.1	0.1	0.9	25.010858	7.4848e-10	4.2583e-14	1.5344e-13	4.4189e-17	EXCLUDED
0.12	0.02	0.01	0.01	0.9	25.010858	1.3943e-08	4.2583e-14	6.3355e-14	4.8127e-18	EXCLUDED
0.12	0.02	0.01	0.1	0.9	25.010858	1.3943e-08	4.2583e-14	6.3355e-14	4.4189e-17	EXCLUDED
0.12	0.02	0.1	0.01	0.9	25.010858	1.3943e-08	4.2583e-14	5.8172e-13	4.8127e-18	EXCLUDED
0.12	0.02	0.1	0.1	0.9	25.010858	1.3943e-08	4.2583e-14	5.8172e-13	4.4189e-17	EXCLUDED
0.1732	0.02	0.01	0.01	0.9	25.010858	2.0077e-07	4.2583e-14	7.8471e-14	4.8127e-18	EXCLUDED
0.1732	0.02	0.01	0.1	0.9	25.010858	2.0077e-07	4.2583e-14	7.8471e-14	4.4189e-17	EXCLUDED
0.1732	0.02	0.1	0.01	0.9	25.010858	2.0077e-07	4.2583e-14	7.2051e-13	4.8127e-18	EXCLUDED
0.1732	0.02	0.1	0.1	0.9	25.010858	2.0077e-07	4.2583e-14	7.2051e-13	4.4189e-17	EXCLUDED
0.05	0.05	0.01	0.01	0.75	25.010858	2.6641e-11	2.6641e-11	1.5274e-15	1.5274e-15	VISIBLE
0.05	0.05	0.01	0.1	0.75	25.010858	2.6641e-11	2.6641e-11	1.5274e-15	1.4024e-14	VISIBLE
0.05	0.05	0.1	0.01	0.75	25.010858	2.6641e-11	2.6641e-11	1.4024e-14	1.5274e-15	VISIBLE
0.05	0.05	0.1	0.1	0.75	25.010858	2.6641e-11	2.6641e-11	1.4024e-14	1.4024e-14	VISIBLE
0.05	0.08	0.01	0.01	0.75	25.010858	2.6641e-11	7.4844e-10	1.5274e-15	1.6720e-14	VISIBLE
0.05	0.08	0.01	0.1	0.75	25.010858	2.6641e-11	7.4844e-10	1.5274e-15	1.5352e-13	VISIBLE
0.05	0.08	0.1	0.01	0.75	25.010858	2.6641e-11	7.4844e-10	1.4024e-14	1.6720e-14	VISIBLE
0.05	0.08	0.1	0.1	0.75	25.010858	2.6641e-11	7.4844e-10	1.4024e-14	1.5352e-13	VISIBLE
0.05	0.12	0.01	0.01	0.75	25.010858	2.6641e-11	1.3946e-08	1.5274e-15	6.3430e-14	VISIBLE
0.05	0.12	0.01	0.1	0.75	25.010858	2.6641e-11	1.3946e-08	1.5274e-15	5.8240e-13	VISIBLE
0.05	0.12	0.1	0.01	0.75	25.010858	2.6641e-11	1.3946e-08	1.4024e-14	6.3430e-14	VISIBLE
0.05	0.12	0.1	0.1	0.75	25.010858	2.6641e-11	1.3946e-08	1.4024e-14	5.8240e-13	VISIBLE
0.05	0.1732	0.01	0.01	0.75	25.010858	2.6641e-11	2.0097e-07	1.5274e-15	7.8678e-14	VISIBLE
0.05	0.1732	0.01	0.1	0.75	25.010858	2.6641e-11	2.0097e-07	1.5274e-15	7.2240e-13	VISIBLE
0.05	0.1732	0.1	0.01	0.75	25.010858	2.6641e-11	2.0097e-07	1.4024e-14	7.8678e-14	VISIBLE
0.05	0.1732	0.1	0.1	0.75	25.010858	2.6641e-11	2.0097e-07	1.4024e-14	7.2240e-13	VISIBLE
0.08	0.05	0.01	0.01	0.75	25.010858	7.4844e-10	2.6641e-11	1.6720e-14	1.5274e-15	VISIBLE
0.08	0.05	0.01	0.1	0.75	25.010858	7.4844e-10	2.6641e-11	1.6720e-14	1.4024e-14	VISIBLE
0.08	0.05	0.1	0.01	0.75	25.010858	7.4844e-10	2.6641e-11	1.5352e-13	1.5274e-15	VISIBLE
0.08	0.05	0.1	0.1	0.75	25.010858	7.4844e-10	2.6641e-11	1.5352e-13	1.4024e-14	VISIBLE
0.08	0.08	0.01	0.01	0.75	25.010858	7.4844e-10	7.4844e-10	1.6720e-14	1.6720e-14	VISIBLE
0.08	0.08	0.01	0.1	0.75	25.010858	7.4844e-10	7.4844e-10	1.6720e-14	1.5352e-13	VISIBLE
0.08	0.08	0.1	0.01	0.75	25.010858	7.4844e-10	7.4844e-10	1.5352e-13	1.6720e-14	VISIBLE
0.08	0.08	0.1	0.1	0.75	25.010858	7.4844e-10	7.4844e-10	1.5352e-13	1.5352e-13	VISIBLE
0.08	0.12	0.01	0.01	0.75	25.010858	7.4844e-10	1.3946e-08	1.6720e-14	6.3430e-14	VISIBLE
0.08	0.12	0.01	0.1	0.75	25.010858	7.4844e-10	1.3946e-08	1.6720e-14	5.8240e-13	VISIBLE
0.08	0.12	0.1	0.01	0.75	25.010858	7.4844e-10	1.3946e-08	1.5352e-13	6.3430e-14	VISIBLE
0.08	0.12	0.1	0.1	0.75	25.010858	7.4844e-10	1.3946e-08	1.5352e-13	5.8240e-13	VISIBLE
0.08	0.1732	0.01	0.01	0.75	25.010858	7.4844e-10	2.0097e-07	1.6720e-14	7.8678e-14	VISIBLE
0.08	0.1732	0.01	0.1	0.75	25.010858	7.4844e-10	2.0097e-07	1.6720e-14	7.2240e-13	VISIBLE
0.08	0.1732	0.1	0.01	0.75	25.010858	7.4844e-10	2.0097e-07	1.5352e-13	7.8678e-14	VISIBLE
0.08	0.1732	0.1	0.1	0.75	25.010858	7.4844e-10	2.0097e-07	1.5352e-13	7.2240e-13	VISIBLE
0.12	0.05	0.01	0.01	0.75	25.010858	1.3946e-08	2.6641e-11	6.3430e-14	1.5274e-15	VISIBLE
0.12	0.05	0.01	0.1	0.75	25.010858	1.3946e-08	2.6641e-11	6.3430e-14	1.4024e-14	VISIBLE
0.12	0.05	0.1	0.01	0.75	25.010858	1.3946e-08	2.6641e-11	5.8240e-13	1.5274e-15	VISIBLE
0.12	0.05	0.1	0.1	0.75	25.010858	1.3946e-08	2.6641e-11	5.8240e-13	1.4024e-14	VISIBLE
0.12	0.08	0.01	0.01	0.75	25.010858	1.3946e-08	7.4844e-10	6.3430e-14	1.6720e-14	VISIBLE
0.12	0.08	0.01	0.1	0.75	25.010858	1.3946e-08	7.4844e-10	6.3430e-14	1.5352e-13	VISIBLE
0.12	0.08	0.1	0.01	0.75	25.010858	1.3946e-08	7.4844e-10	5.8240e-13	1.6720e-14	VISIBLE
0.12	0.08	0.1	0.1	0.75	25.010858	1.3946e-08	7.4844e-10	5.8240e-13	1.5352e-13	VISIBLE
0.12	0.12	0.01	0.01	0.75	25.010858	1.3946e-08	1.3946e-08	6.3430e-14	6.3430e-14	VISIBLE
0.12	0.12	0.01	0.1	0.75	25.010858	1.3946e-08	1.3946e-08	6.3430e-14	5.8240e-13	VISIBLE
0.12	0.12	0.1	0.01	0.75	25.010858	1.3946e-08	1.3946e-08	5.8240e-13	6.3430e-14	VISIBLE
0.12	0.12	0.1	0.1	0.75	25.010858	1.3946e-08	1.3946e-08	5.8240e-13	5.8240e-13	VISIBLE
0.12	0.1732	0.01	0.01	0.75	25.010858	1.3946e-08	2.0097e-07	6.3430e-14	7.8678e-14	VISIBLE
0.12	0.1732	0.01	0.1	0.75	25.010858	1.3946e-08	2.0097e-07	6.3430e-14	7.2240e-13	VISIBLE
0.12	0.1732	0.1	0.01	0.75	25.010858	1.3946e-08	2.0097e-07	5.8240e-13	7.8678e-14	VISIBLE
0.12	0.1732	0.1	0.1	0.75	25.010858	1.3946e-08	2.0097e-07	5.8240e-13	7.2240e-13	VISIBLE
0.1732	0.05	0.01	0.01	0.75	25.010858	2.0097e-07	2.6641e-11	7.8678e-14	1.5274e-15	TESTED
0.1732	0.05	0.01	0.1	0.75	25.010858	2.0097e-07	2.6641e-11	7.8678e-14	1.4024e-14	TESTED
0.1732	0.05	0.1	0.01	0.75	25.010858	2.0097e-07	2.6641e-11	7.2240e-13	1.5274e-15	VISIBLE
0.1732	0.05	0.1	0.1	0.75	25.010858	2.0097e-07	2.6641e-11	7.2240e-13	1.4024e-14	VISIBLE
0.1732	0.08	0.01	0.01	0.75	25.010858	2.0097e-07	7.4844e-10	7.8678e-14	1.6720e-14	VISIBLE
0.1732	0.08	0.01	0.1	0.75	25.010858	2.0097e-07	7.4844e-10	7.8678e-14	1.5352e-13	VISIBLE
0.1732	0.08	0.1	0.01	0.75	25.010858	2.0097e-07	7.4844e-10	7.2240e-13	1.6720e-14	VISIBLE
0.1732	0.08	0.1	0.1	0.75	25.010858	2.0097e-07	7.4844e-10	7.2240e-13	1.5352e-13	VISIBLE
0.1732	0.12	0.01	0.01	0.75	25.010858	2.0097e-07	1.3946e-08	7.8678e-14	6.3430e-14	VISIBLE
0.1732	0.12	0.01	0.1	0.75	25.010858	2.0097e-07	1.3946e-08	7.8678e-14	5.8240e-13	VISIBLE
0.1732	0.12	0.1	0.01	0.75	25.010858	2.0097e-07	1.3946e-08	7.2240e-13	6.3430e-14	VISIBLE
0.1732	0.12	0.1	0.1	0.75	25.010858	2.0097e-07	1.3946e-08	7.2240e-13	5.8240e-13	VISIBLE
0.1732	0.1732	0.01	0.01	0.75	25.010858	2.0097e-07	2.0097e-07	7.8678e-14	7.8678e-14	VISIBLE
0.1732	0.1732	0.01	0.1	0.75	25.010858	2.0097e-07	2.0097e-07	7.8678e-14	7.2240e-13	VISIBLE
0.1732	0.1732	0.1	0.01	0.75	25.010858	2.0097e-07	2.0097e-07	7.2240e-13	7.8678e-14	VISIBLE
0.1732	0.1732	0.1	0.1	0.75	25.010858	2.0097e-07	2.0097e-07	7.2240e-13	7.2240e-13	VISIBLE
0.02	0.02	0.01	0.01	0.75	25.010858	4.2577e-14	4.2577e-14	4.8123e-18	4.8123e-18	EXCLUDED
0.02	0.02	0.01	0.1	0.75	25.010858	4.2577e-14	4.2577e-14	4.8123e-18	4.4186e-17	EXCLUDED
0.02	0.02	0.1	0.01	0.75	25.010858	4.2577e-14	4.2577e-14	4.4186e-17	4.8123e-18	EXCLUDED
0.02	0.02	0.1	0.1	0.75	25.010858	4.2577e-14	4.2577e-14	4.4186e-17	4.4186e-17	EXCLUDED
0.05	0.02	0.01	0.01	0.75	25.010858	2.6641e-11	4.2577e-14	1.5274e-15	4.8123e-18	EXCLUDED
0.05	0.02	0.01	0.1	0.75	25.010858	2.6641e-11	4.2577e-14	1.5274e-15	4.4186e-17	EXCLUDED
0.05	0.02	0.1	0.01	0.75	25.010858	2.6641e-11	4.2577e-14	1.4024e-14	4.8123e-18	EXCLUDED
0.05	0.02	0.1	0.1	0.75	25.010858	2.6641e-11	4.2577e-14	1.4024e-14	4.4186e-17	EXCLUDED
0.08	0.02	0.01	0.01	0.75	25.010858	7.4844e-10	4.2577e-14	1.6720e-14	4.8123e-18	EXCLUDED
0.08	0.02	0.01	0.1	0.75	25.010858	7.4844e-10	4.2577e-14	1.6720e-14	4.4186e-17	EXCLUDED
0.08	0.02	0.1	0.01	0.75	25.010858	7.4844e-10	4.2577e-14	1.5352e-13	4.8123e-18	EXCLUDED
0.08	0.02	0.1	0.1	0.75	25.010858	7.4844e-10	4.2577e-14	1.5352e-13	4.4186e-17	EXCLUDED
0.12	0.02	0.01	0.01	0.75	25.010858	1.3946e-08	4.2577e-14	6.3430e-14	4.8123e-18	EXCLUDED
0.12	0.02	0.01	0.1	0.75	25.010858	1.3946e-08	4.2577e-14	6.3430e-14	4.4186e-17	EXCLUDED
0.12	0.02	0.1	0.01	0.75	25.010858	1.3946e-08	4.2577e-14	5.8240e-13	4.8123e-18	EXCLUDED
0.12	0.02	0.1	0.1	0.75	25.010858	1.3946e-08	4.2577e-14	5.8240e-13	4.4186e-17	EXCLUDED
0.1732	0.02	0.01	0.01	0.75	25.010858	2.0097e-07	4.2577e-14	7.8678e-14	4.8123e-18	EXCLUDED
0.1732	0.02	0.01	0.1	0.75	25.010858	2.0097e-07	4.2577e-14	7.8678e-14	4.4186e-17	EXCLUDED
0.1732	0.02	0.1	0.01	0.75	25.010858	2.0097e-07	4.2577e-14	7.2240e-13	4.8123e-18	EXCLUDED
0.1732	0.02	0.1	0.1	0.75	25.010858	2.0097e-07	4.2577e-14	7.2240e-13	4.4186e-17	EXCLUDED
0.05	0.05	0.01	0.01	0.6	25.010858	2.6640e-11	2.6640e-11	1.5276e-15	1.5276e-15	VISIBLE
0.05	0.05	0.01	0.1	0.6	25.010858	2.6640e-11	2.6640e-11	1.5276e-15	1.4026e-14	VISIBLE
0.05	0.05	0.1	0.01	0.6	25.010858	2.6640e-11	2.6640e-11	1.4026e-14	1.5276e-15	VISIBLE
0.05	0.05	0.1	0.1	0.6	25.010858	2.6640e-11	2.6640e-11	1.4026e-14	1.4026e-14	VISIBLE
0.05	0.08	0.01	0.01	0.6	25.010858	2.6640e-11	7.4843e-10	1.5276e-15	1.6727e-14	VISIBLE
0.05	0.08	0.01	0.1	0.6	25.010858	2.6640e-11	7.4843e-10	1.5276e-15	1.5359e-13	VISIBLE
0.05	0.08	0.1	0.01	0.6	25.010858	2.6640e-11	7.4843e-10	1.4026e-14	1.6727e-14	VISIBLE
0.05	0.08	0.1	0.1	0.6	25.010858	2.6640e-11	7.4843e-10	1.4026e-14	1.5359e-13	VISIBLE
0.05	0.12	0.01	0.01	0.6	25.010858	2.6640e-11	1.3948e-08	1.5276e-15	6.3494e-14	VISIBLE
0.05	0.12	0.01	0.1	0.6	25.010858	2.6640e-11	1.3948e-08	1.5276e-15	5.8299e-13	VISIBLE
0.05	0.12	0.1	0.01	0.6	25.010858	2.6640e-11	1.3948e-08	1.4026e-14	6.3494e-14	VISIBLE
0.05	0.12	0.1	0.1	0.6	25.010858	2.6640e-11	1.3948e-08	1.4026e-14	5.8299e-13	VISIBLE
0.05	0.1732	0.01	0.01	0.6	25.010858	2.6640e-11	2.0114e-07	1.5276e-15	7.8851e-14	VISIBLE
0.05	0.1732	0.01	0.1	0.6	25.010858	2.6640e-11	2.0114e-07	1.5276e-15	7.2399e-13	VISIBLE
0.05	0.1732	0.1	0.01	0.6	25.010858	2.6640e-11	2.0114e-07	1.4026e-14	7.8851e-14	VISIBLE
0.05	0.1732	0.1	0.1	0.6	25.010858	2.6640e-11	2.0114e-07	1.4026e-14	7.2399e-13	VISIBLE
0.08	0.05	0.01	0.01	0.6	25.010858	7.4843e-10	2.6640e-11	1.6727e-14	1.5276e-15	VISIBLE
0.08	0.05	0.01	0.1	0.6	25.010858	7.4843e-10	2.6640e-11	1.6727e-14	1.4026e-14	VISIBLE
0.08	0.05	0.1	0.01	0.6	25.010858	7.4843e-10	2.6640e-11	1.5359e-13	1.5276e-15	VISIBLE
0.08	0.05	0.1	0.1	0.6	25.010858	7.4843e-10	2.6640e-11	1.5359e-13	1.4026e-14	VISIBLE
0.08	0.08	0.01	0.01	0.6	25.010858	7.4843e-10	7.4843e-10	1.6727e-14	1.6727e-14	VISIBLE
0.08	0.08	0.01	0.1	0.6	25.010858	7.4843e-10	7.4843e-10	1.6727e-14	1.5359e-13	VISIBLE
0.08	0.08	0.1	0.01	0.6	25.010858	7.4843e-10	7.4843e-10	1.5359e-13	1.6727e-14	VISIBLE
0.08	0.08	0.1	0.1	0.6	25.010858	7.4843e-10	7.4843e-10	1.5359e-13	1.5359e-13	VISIBLE
0.08	0.12	0.01	0.01	0.6	25.010858	7.4843e-10	1.3948e-08	1.6727e-14	6.3494e-14	VISIBLE
0.08	0.12	0.01	0.1	0.6	25.010858	7.4843e-10	1.3948e-08	1.6727e-14	5.8299e-13	VISIBLE
0.08	0.12	0.1	0.01	0.6	25.010858	7.4843e-10	1.3948e-08	1.5359e-13	6.3494e-14	VISIBLE
0.08	0.12	0.1	0.1	0.6	25.010858	7.4843e-10	1.3948e-08	1.5359e-13	5.8299e-13	VISIBLE
0.08	0.1732	0.01	0.01	0.6	25.010858	7.4843e-10	2.0114e-07	1.6727e-14	7.8851e-14	VISIBLE
0.08	0.1732	0.01	0.1	0.6	25.010858	7.4843e-10	2.0114e-07	1.6727e-14	7.2399e-13	VISIBLE
0.08	0.1732	0.1	0.01	0.6	25.010858	7.4843e-10	2.0114e-07	1.5359e-13	7.8851e-14	VISIBLE
0.08	0.1732	0.1	0.1	0.6	25.010858	7.4843e-10	2.0114e-07	1.5359e-13	7.2399e-13	VISIBLE
0.12	0.05	0.01	0.01	0.6	25.010858	1.3948e-08	2.6640e-11	6.3494e-14	1.5276e-15	VISIBLE
0.12	0.05	0.01	0.1	0.6	25.010858	1.3948e-08	2.6640e-11	6.3494e-14	1.4026e-14	VISIBLE
0.12	0.05	0.1	0.01	0.6	25.010858	1.3948e-08	2.6640e-11	5.8299e-13	1.5276e-15	VISIBLE
0.12	0.05	0.1	0.1	0.6	25.010858	1.3948e-08	2.6640e-11	5.8299e-13	1.4026e-14	VISIBLE
0.12	0.08	0.01	0.01	0.6	25.010858	1.3948e-08	7.4843e-10	6.3494e-14	1.6727e-14	VISIBLE
0.12	0.08	0.01	0.1	0.6	25.010858	1.3948e-08	7.4843e-10	6.3494e-14	1.5359e-13	VISIBLE
0.12	0.08	0.1	0.01	0.6	25.010858	1.3948e-08	7.4843e-10	5.8299e-13	1.6727e-14	VISIBLE
0.12	0.08	0.1	0.1	0.6	25.010858	1.3948e-08	7.4843e-10	5.8299e-13	1.5359e-13	VISIBLE
0.12	0.12	0.01	0.01	0.6	25.010858	1.3948e-08	1.3948e-08	6.3494e-14	6.3494e-14	VISIBLE
0.12	0.12	0.01	0.1	0.6	25.010858	1.3948e-08	1.3948e-08	6.3494e-14	5.8299e-13	VISIBLE
0.12	0.12	0.1	0.01	0.6	25.010858	1.3948e-08	1.3948e-08	5.8299e-13	6.3494e-14	VISIBLE
0.12	0.12	0.1	0.1	0.6	25.010858	1.3948e-08	1.3948e-08	5.8299e-13	5.8299e-13	VISIBLE
0.12	0.1732	0.01	0.01	0.6	25.010858	1.3948e-08	2.0114e-07	6.3494e-14	7.8851e-14	VISIBLE
0.12	0.1732	0.01	0.1	0.6	25.010858	1.3948e-08	2.0114e-07	6.3494e-14	7.2399e-13	VISIBLE
0.12	0.1732	0.1	0.01	0.6	25.010858	1.3948e-08	2.0114e-07	5.8299e-13	7.8851e-14	VISIBLE
0.12	0.1732	0.1	0.1	0.6	25.010858	1.3948e-08	2.0114e-07	5.8299e-13	7.2399e-13	VISIBLE
0.1732	0.05	0.01	0.01	0.6	25.010858	2.0114e-07	2.6640e-11	7.8851e-14	1.5276e-15	TESTED
0.1732	0.05	0.01	0.1	0.6	25.010858	2.0114e-07	2.6640e-11	7.8851e-14	1.4026e-14	VISIBLE
0.1732	0.05	0.1	0.01	0.6	25.010858	2.0114e-07	2.6640e-11	7.2399e-13	1.5276e-15	VISIBLE
0.1732	0.05	0.1	0.1	0.6	25.010858	2.0114e-07	2.6640e-11	7.2399e-13	1.4026e-14	VISIBLE
0.1732	0.08	0.01	0.01	0.6	25.010858	2.0114e-07	7.4843e-10	7.8851e-14	1.6727e-14	VISIBLE
0.1732	0.08	0.01	0.1	0.6	25.010858	2.0114e-07	7.4843e-10	7.8851e-14	1.5359e-13	VISIBLE
0.1732	0.08	0.1	0.01	0.6	25.010858	2.0114e-07	7.4843e-10	7.2399e-13	1.6727e-14	VISIBLE
0.1732	0.08	0.1	0.1	0.6	25.010858	2.0114e-07	7.4843e-10	7.2399e-13	1.5359e-13	VISIBLE
0.1732	0.12	0.01	0.01	0.6	25.010858	2.0114e-07	1.3948e-08	7.8851e-14	6.3494e-14	VISIBLE
0.1732	0.12	0.01	0.1	0.6	25.010858	2.0114e-07	1.3948e-08	7.8851e-14	5.8299e-13	VISIBLE
0.1732	0.12	0.1	0.01	0.6	25.010858	2.0114e-07	1.3948e-08	7.2399e-13	6.3494e-14	VISIBLE
0.1732	0.12	0.1	0.1	0.6	25.010858	2.0114e-07	1.3948e-08	7.2399e-13	5.8299e-13	VISIBLE
0.1732	0.1732	0.01	0.01	0.6	25.010858	2.0114e-07	2.0114e-07	7.8851e-14	7.8851e-14	VISIBLE
0.1732	0.1732	0.01	0.1	0.6	25.010858	2.0114e-07	2.0114e-07	7.8851e-14	7.2399e-13	VISIBLE
0.1732	0.1732	0.1	0.01	0.6	25.010858	2.0114e-07	2.0114e-07	7.2399e-13	7.8851e-14	VISIBLE
0.1732	0.1732	0.1	0.1	0.6	25.010858	2.0114e-07	2.0114e-07	7.2399e-13	7.2399e-13	VISIBLE
0.02	0.02	0.01	0.01	0.6	25.010858	4.2573e-14	4.2573e-14	4.8122e-18	4.8122e-18	EXCLUDED
0.02	0.02	0.01	0.1	0.6	25.010858	4.2573e-14	4.2573e-14	4.8122e-18	4.4185e-17	EXCLUDED
0.02	0.02	0.1	0.01	0.6	25.010858	4.2573e-14	4.2573e-14	4.4185e-17	4.8122e-18	EXCLUDED
0.02	0.02	0.1	0.1	0.6	25.010858	4.2573e-14	4.2573e-14	4.4185e-17	4.4185e-17	EXCLUDED
0.05	0.02	0.01	0.01	0.6	25.010858	2.6640e-11	4.2573e-14	1.5276e-15	4.8122e-18	EXCLUDED
0.05	0.02	0.01	0.1	0.6	25.010858	2.6640e-11	4.2573e-14	1.5276e-15	4.4185e-17	EXCLUDED
0.05	0.02	0.1	0.01	0.6	25.010858	2.6640e-11	4.2573e-14	1.4026e-14	4.8122e-18	EXCLUDED
0.05	0.02	0.1	0.1	0.6	25.010858	2.6640e-11	4.2573e-14	1.4026e-14	4.4185e-17	EXCLUDED
0.08	0.02	0.01	0.01	0.6	25.010858	7.4843e-10	4.2573e-14	1.6727e-14	4.8122e-18	EXCLUDED
0.08	0.02	0.01	0.1	0.6	25.010858	7.4843e-10	4.2573e-14	1.6727e-14	4.4185e-17	EXCLUDED
0.08	0.02	0.1	0.01	0.6	25.010858	7.4843e-10	4.2573e-14	1.5359e-13	4.8122e-18	EXCLUDED
0.08	0.02	0.1	0.1	0.6	25.010858	7.4843e-10	4.2573e-14	1.5359e-13	4.4185e-17	EXCLUDED
0.12	0.02	0.01	0.01	0.6	25.010858	1.3948e-08	4.2573e-14	6.3494e-14	4.8122e-18	EXCLUDED
0.12	0.02	0.01	0.1	0.6	25.010858	1.3948e-08	4.2573e-14	6.3494e-14	4.4185e-17	EXCLUDED
0.12	0.02	0.1	0.01	0.6	25.010858	1.3948e-08	4.2573e-14	5.8299e-13	4.8122e-18	EXCLUDED
0.12	0.02	0.1	0.1	0.6	25.010858	1.3948e-08	4.2573e-14	5.8299e-13	4.4185e-17	EXCLUDED
0.1732	0.02	0.01	0.01	0.6	25.010858	2.0114e-07	4.2573e-14	7.8851e-14	4.8122e-18	EXCLUDED
0.1732	0.02	0.01	0.1	0.6	25.010858	2.0114e-07	4.2573e-14	7.8851e-14	4.4185e-17	EXCLUDED
0.1732	0.02	0.1	0.01	0.6	25.010858	2.0114e-07	4.2573e-14	7.2399e-13	4.8122e-18	EXCLUDED
0.1732	0.02	0.1	0.1	0.6	25.010858	2.0114e-07	4.2573e-14	7.2399e-13	4.4185e-17	EXCLUDED
0.05	0.05	0.01	0.01	0.55	25.010858	2.6640e-11	2.6640e-11	1.5277e-15	1.5277e-15	VISIBLE
0.05	0.05	0.01	0.1	0.55	25.010858	2.6640e-11	2.6640e-11	1.5277e-15	1.4027e-14	VISIBLE
0.05	0.05	0.1	0.01	0.55	25.010858	2.6640e-11	2.6640e-11	1.4027e-14	1.5277e-15	VISIBLE
0.05	0.05	0.1	0.1	0.55	25.010858	2.6640e-11	2.6640e-11	1.4027e-14	1.4027e-14	VISIBLE
0.05	0.08	0.01	0.01	0.55	25.010858	2.6640e-11	7.4844e-10	1.5277e-15	1.6730e-14	VISIBLE
0.05	0.08	0.01	0.1	0.55	25.010858	2.6640e-11	7.4844e-10	1.5277e-15	1.5361e-13	VISIBLE
0.05	0.08	0.1	0.01	0.55	25.010858	2.6640e-11	7.4844e-10	1.4027e-14	1.6730e-14	VISIBLE
0.05	0.08	0.1	0.1	0.55	25.010858	2.6640e-11	7.4844e-10	1.4027e-14	1.5361e-13	VISIBLE
0.05	0.12	0.01	0.01	0.55	25.010858	2.6640e-11	1.3949e-08	1.5277e-15	6.3513e-14	VISIBLE
0.05	0.12	0.01	0.1	0.55	25.010858	2.6640e-11	1.3949e-08	1.5277e-15	5.8316e-13	VISIBLE
0.05	0.12	0.1	0.01	0.55	25.010858	2.6640e-11	1.3949e-08	1.4027e-14	6.3513e-14	VISIBLE
0.05	0.12	0.1	0.1	0.55	25.010858	2.6640e-11	1.3949e-08	1.4027e-14	5.8316e-13	VISIBLE
0.05	0.1732	0.01	0.01	0.55	25.010858	2.6640e-11	2.0119e-07	1.5277e-15	7.8901e-14	VISIBLE
0.05	0.1732	0.01	0.1	0.55	25.010858	2.6640e-11	2.0119e-07	1.5277e-15	7.2445e-13	VISIBLE
0.05	0.1732	0.1	0.01	0.55	25.010858	2.6640e-11	2.0119e-07	1.4027e-14	7.8901e-14	VISIBLE
0.05	0.1732	0.1	0.1	0.55	25.010858	2.6640e-11	2.0119e-07	1.4027e-14	7.2445e-13	VISIBLE
0.08	0.05	0.01	0.01	0.55	25.010858	7.4844e-10	2.6640e-11	1.6730e-14	1.5277e-15	VISIBLE
0.08	0.05	0.01	0.1	0.55	25.010858	7.4844e-10	2.6640e-11	1.6730e-14	1.4027e-14	VISIBLE
0.08	0.05	0.1	0.01	0.55	25.010858	7.4844e-10	2.6640e-11	1.5361e-13	1.5277e-15	VISIBLE
0.08	0.05	0.1	0.1	0.55	25.010858	7.4844e-10	2.6640e-11	1.5361e-13	1.4027e-14	VISIBLE
0.08	0.08	0.01	0.01	0.55	25.010858	7.4844e-10	7.4844e-10	1.6730e-14	1.6730e-14	VISIBLE
0.08	0.08	0.01	0.1	0.55	25.010858	7.4844e-10	7.4844e-10	1.6730e-14	1.5361e-13	VISIBLE
0.08	0.08	0.1	0.01	0.55	25.010858	7.4844e-10	7.4844e-10	1.5361e-13	1.6730e-14	VISIBLE
0.08	0.08	0.1	0.1	0.55	25.010858	7.4844e-10	7.4844e-10	1.5361e-13	1.5361e-13	VISIBLE
0.08	0.12	0.01	0.01	0.55	25.010858	7.4844e-10	1.3949e-08	1.6730e-14	6.3513e-14	VISIBLE
0.08	0.12	0.01	0.1	0.55	25.010858	7.4844e-10	1.3949e-08	1.6730e-14	5.8316e-13	VISIBLE
0.08	0.12	0.1	0.01	0.55	25.010858	7.4844e-10	1.3949e-08	1.5361e-13	6.3513e-14	VISIBLE
0.08	0.12	0.1	0.1	0.55	25.010858	7.4844e-10	1.3949e-08	1.5361e-13	5.8316e-13	VISIBLE
0.08	0.1732	0.01	0.01	0.55	25.010858	7.4844e-10	2.0119e-07	1.6730e-14	7.8901e-14	VISIBLE
0.08	0.1732	0.01	0.1	0.55	25.010858	7.4844e-10	2.0119e-07	1.6730e-14	7.2445e-13	VISIBLE
0.08	0.1732	0.1	0.01	0.55	25.010858	7.4844e-10	2.0119e-07	1.5361e-13	7.8901e-14	VISIBLE
0.08	0.1732	0.1	0.1	0.55	25.010858	7.4844e-10	2.0119e-07	1.5361e-13	7.2445e-13	VISIBLE
0.12	0.05	0.01	0.01	0.55	25.010858	1.3949e-08	2.6640e-11	6.3513e-14	1.5277e-15	VISIBLE
0.12	0.05	0.01	0.1	0.55	25.010858	1.3949e-08	2.6640e-11	6.3513e-14	1.4027e-14	VISIBLE
0.12	0.05	0.1	0.01	0.55	25.010858	1.3949e-08	2.6640e-11	5.8316e-13	1.5277e-15	VISIBLE
0.12	0.05	0.1	0.1	0.55	25.010858	1.3949e-08	2.6640e-11	5.8316e-13	1.4027e-14	VISIBLE
0.12	0.08	0.01	0.01	0.55	25.010858	1.3949e-08	7.4844e-10	6.3513e-14	1.6730e-14	VISIBLE
0.12	0.08	0.01	0.1	0.55	25.010858	1.3949e-08	7.4844e-10	6.3513e-14	1.5361e-13	VISIBLE
0.12	0.08	0.1	0.01	0.55	25.010858	1.3949e-08	7.4844e-10	5.8316e-13	1.6730e-14	VISIBLE
0.12	0.08	0.1	0.1	0.55	25.010858	1.3949e-08	7.4844e-10	5.8316e-13	1.5361e-13	VISIBLE
0.12	0.12	0.01	0.01	0.55	25.010858	1.3949e-08	1.3949e-08	6.3513e-14	6.3513e-14	VISIBLE
0.12	0.12	0.01	0.1	0.55	25.010858	1.3949e-08	1.3949e-08	6.3513e-14	5.8316e-13	VISIBLE
0.12	0.12	0.1	0.01	0.55	25.010858	1.3949e-08	1.3949e-08	5.8316e-13	6.3513e-14	VISIBLE
0.12	0.12	0.1	0.1	0.55	25.010858	1.3949e-08	1.3949e-08	5.8316e-13	5.8316e-13	VISIBLE
0.12	0.1732	0.01	0.01	0.55	25.010858	1.3949e-08	2.0119e-07	6.3513e-14	7.8901e-14	VISIBLE
0.12	0.1732	0.01	0.1	0.55	25.010858	1.3949e-08	2.0119e-07	6.3513e-14	7.2445e-13	VISIBLE
0.12	0.1732	0.1	0.01	0.55	25.010858	1.3949e-08	2.0119e-07	5.8316e-13	7.8901e-14	VISIBLE
0.12	0.1732	0.1	0.1	0.55	25.010858	1.3949e-08	2.0119e-07	5.8316e-13	7.2445e-13	VISIBLE
0.1732	0.05	0.01	0.01	0.55	25.010858	2.0119e-07	2.6640e-11	7.8901e-14	1.5277e-15	TESTED
0.1732	0.05	0.01	0.1	0.55	25.010858	2.0119e-07	2.6640e-11	7.8901e-14	1.4027e-14	VISIBLE
0.1732	0.05	0.1	0.01	0.55	25.010858	2.0119e-07	2.6640e-11	7.2445e-13	1.5277e-15	VISIBLE
0.1732	0.05	0.1	0.1	0.55	25.010858	2.0119e-07	2.6640e-11	7.2445e-13	1.4027e-14	VISIBLE
0.1732	0.08	0.01	0.01	0.55	25.010858	2.0119e-07	7.4844e-10	7.8901e-14	1.6730e-14	VISIBLE
0.1732	0.08	0.01	0.1	0.55	25.010858	2.0119e-07	7.4844e-10	7.8901e-14	1.5361e-13	VISIBLE
0.1732	0.08	0.1	0.01	0.55	25.010858	2.0119e-07	7.4844e-10	7.2445e-13	1.6730e-14	VISIBLE
0.1732	0.08	0.1	0.1	0.55	25.010858	2.0119e-07	7.4844e-10	7.2445e-13	1.5361e-13	VISIBLE
0.1732	0.12	0.01	0.01	0.55	25.010858	2.0119e-07	1.3949e-08	7.8901e-14	6.3513e-14	VISIBLE
0.1732	0.12	0.01	0.1	0.55	25.010858	2.0119e-07	1.3949e-08	7.8901e-14	5.8316e-13	VISIBLE
0.1732	0.12	0.1	0.01	0.55	25.010858	2.0119e-07	1.3949e-08	7.2445e-13	6.3513e-14	VISIBLE
0.1732	0.12	0.1	0.1	0.55	25.010858	2.0119e-07	1.3949e-08	7.2445e-13	5.8316e-13	VISIBLE
0.1732	0.1732	0.01	0.01	0.55	25.010858	2.0119e-07	2.0119e-07	7.8901e-14	7.8901e-14	VISIBLE
0.1732	0.1732	0.01	0.1	0.55	25.010858	2.0119e-07	2.0119e-07	7.8901e-14	7.2445e-13	VISIBLE
0.1732	0.1732	0.1	0.01	0.55	25.010858	2.0119e-07	2.0119e-07	7.2445e-13	7.8901e-14	VISIBLE
0.1732	0.1732	0.1	0.1	0.55	25.010858	2.0119e-07	2.0119e-07	7.2445e-13	7.2445e-13	VISIBLE
0.02	0.02	0.01	0.01	0.55	25.010858	4.2573e-14	4.2573e-14	4.8122e-18	4.8122e-18	EXCLUDED
0.02	0.02	0.01	0.1	0.55	25.010858	4.2573e-14	4.2573e-14	4.8122e-18	4.4185e-17	EXCLUDED
0.02	0.02	0.1	0.01	0.55	25.010858	4.2573e-14	4.2573e-14	4.4185e-17	4.8122e-18	EXCLUDED
0.02	0.02	0.1	0.1	0.55	25.010858	4.2573e-14	4.2573e-14	4.4185e-17	4.4185e-17	EXCLUDED
0.05	0.02	0.01	0.01	0.55	25.010858	2.6640e-11	4.2573e-14	1.5277e-15	4.8122e-18	EXCLUDED
0.05	0.02	0.01	0.1	0.55	25.010858	2.6640e-11	4.2573e-14	1.5277e-15	4.4185e-17	EXCLUDED
0.05	0.02	0.1	0.01	0.55	25.010858	2.6640e-11	4.2573e-14	1.4027e-14	4.8122e-18	EXCLUDED
0.05	0.02	0.1	0.1	0.55	25.010858	2.6640e-11	4.2573e-14	1.4027e-14	4.4185e-17	EXCLUDED
0.08	0.02	0.01	0.01	0.55	25.010858	7.4844e-10	4.2573e-14	1.6730e-14	4.8122e-18	EXCLUDED
0.08	0.02	0.01	0.1	0.55	25.010858	7.4844e-10	4.2573e-14	1.6730e-14	4.4185e-17	EXCLUDED
0.08	0.02	0.1	0.01	0.55	25.010858	7.4844e-10	4.2573e-14	1.5361e-13	4.8122e-18	EXCLUDED
0.08	0.02	0.1	0.1	0.55	25.010858	7.4844e-10	4.2573e-14	1.5361e-13	4.4185e-17	EXCLUDED
0.12	0.02	0.01	0.01	0.55	25.010858	1.3949e-08	4.2573e-14	6.3513e-14	4.8122e-18	EXCLUDED
0.12	0.02	0.01	0.1	0.55	25.010858	1.3949e-08	4.2573e-14	6.3513e-14	4.4185e-17	EXCLUDED
0.12	0.02	0.1	0.01	0.55	25.010858	1.3949e-08	4.2573e-14	5.8316e-13	4.8122e-18	EXCLUDED
0.12	0.02	0.1	0.1	0.55	25.010858	1.3949e-08	4.2573e-14	5.8316e-13	4.4185e-17	EXCLUDED
0.1732	0.02	0.01	0.01	0.55	25.010858	2.0119e-07	4.2573e-14	7.8901e-14	4.8122e-18	EXCLUDED
0.1732	0.02	0.01	0.1	0.55	25.010858	2.0119e-07	4.2573e-14	7.8901e-14	4.4185e-17	EXCLUDED
0.1732	0.02	0.1	0.01	0.55	25.010858	2.0119e-07	4.2573e-14	7.2445e-13	4.8122e-18	EXCLUDED
0.1732	0.02	0.1	0.1	0.55	25.010858	2.0119e-07	4.2573e-14	7.2445e-13	4.4185e-17	EXCLUDED
